"","t","doEcdf","rfeVars","resample","model","vars","acc","kappa","numChains","nrowData","truth","pred"
"1",1,TRUE,TRUE,1,"A1",11,0.22,-0.0785398230088496,11,186,"a,c,p,p,c,p,p,p,p,p,p,a,a,a,p,p,p,p,p,p,c,c,p,c,c,p,a,p,p,c,a,a,p,a,c,p,p,c,c,a,p,a,c,c,p,p,c,p,p,c","p,a,p,a,a,a,a,a,a,p,a,p,a,a,p,a,a,a,a,a,p,a,a,a,p,a,a,p,a,a,a,a,a,p,a,a,a,p,a,a,a,p,a,a,a,p,a,a,a,a"
"2",1,FALSE,TRUE,1,"A1",11,0.22,0.00102459016393442,11,186,"a,c,p,p,c,p,p,p,p,p,p,a,a,a,p,p,p,p,p,p,c,c,p,c,c,p,a,p,p,c,a,a,p,a,c,p,p,c,c,a,p,a,c,c,p,p,c,p,p,c","a,a,a,a,a,a,a,a,a,a,a,p,a,a,a,a,a,a,a,a,a,a,a,a,a,a,a,p,a,a,a,a,a,a,a,a,a,a,a,a,a,a,a,a,a,p,a,a,a,a"
"3",1,TRUE,FALSE,1,"A1",49,0.2,-0.116071428571429,11,186,"a,c,p,p,c,p,p,p,p,p,p,a,a,a,p,p,p,p,p,p,c,c,p,c,c,p,a,p,p,c,a,a,p,a,c,p,p,c,c,a,p,a,c,c,p,p,c,p,p,c","p,a,p,a,a,a,a,a,a,p,a,p,a,a,p,a,a,a,a,a,p,a,a,a,p,a,a,p,a,a,a,p,a,p,a,a,a,p,a,a,a,p,a,a,a,p,a,a,a,a"
"4",1,FALSE,FALSE,1,"A1",49,0.14,-0.126834381551363,11,186,"a,c,p,p,c,p,p,p,p,p,p,a,a,a,p,p,p,p,p,p,c,c,p,c,c,p,a,p,p,c,a,a,p,a,c,p,p,c,c,a,p,a,c,c,p,p,c,p,p,c","c,a,c,a,a,a,a,a,a,p,a,c,c,c,c,a,c,a,a,a,c,a,a,a,c,a,c,p,a,a,c,c,a,a,a,a,a,c,a,a,a,c,a,a,a,c,a,a,a,a"
"5",1,TRUE,TRUE,2,"A1",11,0.24,-0.0857142857142858,8,186,"a,c,c,p,c,p,p,c,p,p,p,a,c,p,p,c,p,c,p,p,c,a,a,a,a,p,p,p,a,p,a,c,p,p,p,p,a,a,a,c,p,p,p,p,p,p,a,c,p,p","p,a,a,a,p,a,p,a,a,a,a,p,a,a,a,a,p,a,a,a,p,a,p,p,a,p,a,a,a,a,a,a,a,a,a,a,a,a,a,a,a,a,a,p,a,a,a,a,a,a"
"6",1,FALSE,TRUE,2,"A1",11,0.24,-0.0326086956521739,8,186,"a,c,c,p,c,p,p,c,p,p,p,a,c,p,p,c,p,c,p,p,c,a,a,a,a,p,p,p,a,p,a,c,p,p,p,p,a,a,a,c,p,p,p,p,p,p,a,c,p,p","a,a,a,a,p,a,a,a,a,a,a,a,a,a,a,a,p,a,a,a,p,a,p,a,a,a,a,a,a,a,a,a,a,a,a,a,a,a,a,a,a,a,a,a,a,a,a,a,a,a"
"7",1,TRUE,FALSE,2,"A1",49,0.24,-0.0857142857142858,8,186,"a,c,c,p,c,p,p,c,p,p,p,a,c,p,p,c,p,c,p,p,c,a,a,a,a,p,p,p,a,p,a,c,p,p,p,p,a,a,a,c,p,p,p,p,p,p,a,c,p,p","p,a,a,a,p,a,p,a,a,a,a,p,a,a,a,a,p,a,a,a,p,a,p,p,a,p,a,a,a,a,a,a,a,a,a,a,a,a,a,a,a,a,a,p,a,a,a,a,a,a"
"8",1,FALSE,FALSE,2,"A1",49,0.16,-0.136978884677856,8,186,"a,c,c,p,c,p,p,c,p,p,p,a,c,p,p,c,p,c,p,p,c,a,a,a,a,p,p,p,a,p,a,c,p,p,p,p,a,a,a,c,p,p,p,p,p,p,a,c,p,p","c,a,a,a,p,a,c,a,a,a,a,p,a,a,a,a,p,a,a,a,p,c,c,c,a,c,a,a,a,a,a,a,a,a,a,a,a,a,a,a,a,a,a,c,a,a,a,a,a,a"
"9",1,TRUE,TRUE,3,"A1",11,0.208333333333333,-0.144291091593476,11,188,"c,a,c,p,p,p,p,a,p,p,c,p,p,p,p,a,c,p,p,p,a,a,p,p,c,p,a,p,p,p,c,a,a,a,a,a,p,c,c,p,c,c,c,c,p,p,p,p","p,a,a,a,p,a,a,a,p,a,a,a,a,a,a,p,a,a,a,a,p,a,a,a,p,a,a,p,a,a,p,a,p,p,a,p,a,a,a,a,p,a,a,a,p,a,a,a"
"10",1,FALSE,TRUE,3,"A1",11,0.1875,-0.106382978723404,11,188,"c,a,c,p,p,p,p,a,p,p,c,p,p,p,p,a,c,p,p,p,a,a,p,p,c,p,a,p,p,p,c,a,a,a,a,a,p,c,c,p,c,c,c,c,p,p,p,p","a,a,a,a,a,a,a,a,a,a,a,a,a,a,a,a,a,a,a,a,p,a,a,a,a,a,a,a,a,a,p,a,p,a,a,p,a,a,a,a,p,a,a,a,p,a,a,a"
"11",1,TRUE,FALSE,3,"A1",49,0.229166666666667,-0.124050632911392,11,188,"c,a,c,p,p,p,p,a,p,p,c,p,p,p,p,a,c,p,p,p,a,a,p,p,c,p,a,p,p,p,c,a,a,a,a,a,p,c,c,p,c,c,c,c,p,p,p,p","p,a,a,a,p,a,a,a,p,a,a,a,a,a,a,p,a,a,a,a,p,a,a,a,p,a,a,p,a,p,p,a,p,p,a,p,a,a,a,a,p,a,a,a,p,a,a,a"
"12",1,FALSE,FALSE,3,"A1",49,0.145833333333333,-0.170035671819263,11,188,"c,a,c,p,p,p,p,a,p,p,c,p,p,p,p,a,c,p,p,p,a,a,p,p,c,p,a,p,p,p,c,a,a,a,a,a,p,c,c,p,c,c,c,c,p,p,p,p","c,a,a,a,c,a,a,a,c,a,a,a,a,a,a,c,a,a,a,a,p,a,a,a,c,a,c,c,c,a,p,c,p,c,a,p,a,a,a,a,p,a,a,a,p,a,a,a"
"13",1,TRUE,TRUE,4,"A1",11,0.28,-0.0600706713780918,12,186,"p,p,p,c,p,a,a,c,p,p,a,a,p,p,a,a,c,p,p,p,p,p,p,p,a,c,p,c,p,p,p,a,a,p,p,p,p,p,p,a,p,c,c,p,p,p,a,p,p,p","p,a,a,a,p,a,a,a,a,a,a,a,a,a,p,a,a,p,a,a,a,a,a,a,p,a,a,p,a,p,a,a,a,a,p,a,a,p,a,p,a,a,a,a,p,a,p,a,a,a"
"14",1,FALSE,TRUE,4,"A1",11,0.22,-0.045016077170418,12,186,"p,p,p,c,p,a,a,c,p,p,a,a,p,p,a,a,c,p,p,p,p,p,p,p,a,c,p,c,p,p,p,a,a,p,p,p,p,p,p,a,p,c,c,p,p,p,a,p,p,p","a,a,a,a,a,a,a,a,a,a,a,a,a,a,p,a,a,a,a,a,a,a,a,a,a,a,a,a,a,a,a,a,a,a,p,a,a,a,a,a,a,a,a,a,p,a,p,a,a,a"
"15",1,TRUE,FALSE,4,"A1",49,0.28,-0.0600706713780918,12,186,"p,p,p,c,p,a,a,c,p,p,a,a,p,p,a,a,c,p,p,p,p,p,p,p,a,c,p,c,p,p,p,a,a,p,p,p,p,p,p,a,p,c,c,p,p,p,a,p,p,p","p,a,a,a,p,a,a,a,a,a,a,a,a,a,p,a,a,p,a,a,a,a,a,a,p,a,a,p,a,p,a,a,a,a,p,a,a,p,a,p,a,a,a,a,p,a,p,a,a,a"
"16",1,FALSE,FALSE,4,"A1",49,0.18,-0.0348308934881373,12,186,"p,p,p,c,p,a,a,c,p,p,a,a,p,p,a,a,c,p,p,p,p,p,p,p,a,c,p,c,p,p,p,a,a,p,p,p,p,p,p,a,p,c,c,p,p,p,a,p,p,p","c,a,a,a,c,a,a,c,a,a,a,c,a,a,c,a,a,p,a,a,a,a,a,a,c,a,a,c,a,c,a,a,a,a,c,a,a,c,a,c,a,a,a,a,c,a,c,a,a,a"
"17",1,TRUE,TRUE,5,"A1",11,0.3,-0.0251903925014646,13,186,"p,p,a,a,p,c,p,a,c,p,p,p,p,c,a,c,c,a,c,c,p,a,c,p,a,a,c,p,p,p,p,p,a,a,c,p,p,a,a,p,p,c,p,p,p,p,a,p,c,c","p,a,a,a,a,p,a,a,p,a,p,a,a,a,p,a,a,p,a,a,a,p,a,a,p,a,a,p,a,a,a,p,a,a,a,a,a,a,a,a,a,p,a,p,a,a,a,p,a,a"
"18",1,FALSE,TRUE,5,"A1",11,0.28,0.00935608145294445,13,186,"p,p,a,a,p,c,p,a,c,p,p,p,p,c,a,c,c,a,c,c,p,a,c,p,a,a,c,p,p,p,p,p,a,a,c,p,p,a,a,p,p,c,p,p,p,p,a,p,c,c","p,a,a,a,a,a,a,a,a,a,a,a,a,a,p,a,a,a,a,a,a,a,a,a,a,a,a,p,a,a,a,a,a,a,a,a,a,a,a,a,a,a,a,a,a,a,a,a,a,a"
"19",1,TRUE,FALSE,5,"A1",49,0.3,-0.0318396226415094,13,186,"p,p,a,a,p,c,p,a,c,p,p,p,p,c,a,c,c,a,c,c,p,a,c,p,a,a,c,p,p,p,p,p,a,a,c,p,p,a,a,p,p,c,p,p,p,p,a,p,c,c","p,a,a,a,a,p,a,a,p,a,p,a,a,a,p,p,a,p,a,a,a,p,a,a,p,a,a,p,a,a,a,p,a,a,a,a,a,a,a,a,a,p,a,p,a,a,a,p,a,a"
"20",1,FALSE,FALSE,5,"A1",49,0.24,-0.0520487264673312,13,186,"p,p,a,a,p,c,p,a,c,p,p,p,p,c,a,c,c,a,c,c,p,a,c,p,a,a,c,p,p,p,p,p,a,a,c,p,p,a,a,p,p,c,p,p,p,p,a,p,c,c","p,a,a,a,a,c,a,c,p,a,c,a,a,a,p,c,a,c,a,a,a,c,a,a,c,a,a,c,a,a,a,c,a,c,c,a,a,a,c,c,a,c,a,c,a,a,a,p,a,a"
"21",1,TRUE,TRUE,6,"A1",11,0.3125,-0.104602510460251,9,188,"c,c,c,c,a,p,p,p,c,a,a,p,a,c,p,p,p,p,a,a,c,p,p,a,a,p,p,p,p,a,a,p,a,a,p,a,a,a,a,p,p,p,p,p,p,a,c,p","p,a,a,a,p,a,p,a,a,a,a,a,p,a,a,a,a,p,a,a,a,a,a,a,a,a,a,p,a,a,a,a,p,a,a,a,p,a,a,a,a,a,a,a,a,p,a,a"
"22",1,FALSE,TRUE,6,"A1",11,0.354166666666667,-0.0122448979591837,9,188,"c,c,c,c,a,p,p,p,c,a,a,p,a,c,p,p,p,p,a,a,c,p,p,a,a,p,p,p,p,a,a,p,a,a,p,a,a,a,a,p,p,p,p,p,p,a,c,p","p,a,a,a,a,a,p,a,a,a,a,a,a,a,a,a,a,a,a,a,a,a,a,a,a,a,a,a,a,a,a,a,a,a,a,a,p,a,a,a,a,a,a,a,a,a,a,a"
"23",1,TRUE,FALSE,6,"A1",49,0.3125,-0.111578947368421,9,188,"c,c,c,c,a,p,p,p,c,a,a,p,a,c,p,p,p,p,a,a,c,p,p,a,a,p,p,p,p,a,a,p,a,a,p,a,a,a,a,p,p,p,p,p,p,a,c,p","p,a,a,a,p,a,p,a,a,a,p,a,p,a,a,a,a,p,a,a,p,a,a,a,a,c,a,p,a,a,a,a,p,a,a,a,p,a,a,p,a,a,a,a,a,p,a,a"
"24",1,FALSE,FALSE,6,"A1",49,0.145833333333333,-0.201465201465201,9,188,"c,c,c,c,a,p,p,p,c,a,a,p,a,c,p,p,p,p,a,a,c,p,p,a,a,p,p,p,p,a,a,p,a,a,p,a,a,a,a,p,p,p,p,p,p,a,c,p","p,a,a,a,c,a,p,a,a,c,c,a,c,a,a,a,a,c,a,c,c,a,a,a,c,c,a,c,a,a,a,a,c,a,a,c,c,c,c,c,a,c,a,a,a,c,a,a"
"25",1,TRUE,TRUE,7,"A1",11,0.288461538461538,-0.00208333333333342,10,184,"p,c,p,p,c,p,p,p,p,p,p,p,c,c,c,p,p,p,c,p,p,p,p,p,p,a,a,p,c,p,p,p,p,p,c,p,p,c,a,a,a,a,p,a,a,c,p,p,a,a,p,p","p,a,a,a,a,p,a,a,a,p,a,a,p,a,a,a,p,a,a,a,a,a,a,p,a,a,a,a,p,a,p,a,a,a,a,a,a,p,a,p,p,a,p,a,a,a,a,a,a,a,a,a"
"26",1,FALSE,TRUE,7,"A1",11,0.192307692307692,-0.0311614730878187,10,184,"p,c,p,p,c,p,p,p,p,p,p,p,c,c,c,p,p,p,c,p,p,p,p,p,p,a,a,p,c,p,p,p,p,p,c,p,p,c,a,a,a,a,p,a,a,c,p,p,a,a,p,p","a,a,a,a,a,p,a,a,a,a,a,a,a,a,a,a,a,a,a,a,a,a,a,a,a,a,a,a,a,a,a,a,a,a,a,a,a,p,a,p,a,a,a,a,a,a,a,a,a,a,a,a"
"27",1,TRUE,FALSE,7,"A1",49,0.288461538461538,-0.00208333333333342,10,184,"p,c,p,p,c,p,p,p,p,p,p,p,c,c,c,p,p,p,c,p,p,p,p,p,p,a,a,p,c,p,p,p,p,p,c,p,p,c,a,a,a,a,p,a,a,c,p,p,a,a,p,p","p,a,a,a,a,p,a,a,a,p,a,a,p,a,a,a,p,a,a,a,a,a,a,p,a,a,a,a,p,a,p,a,a,a,a,a,a,p,a,p,p,a,p,a,a,a,a,a,a,a,a,a"
"28",1,FALSE,FALSE,7,"A1",49,0.192307692307692,-0.0758620689655173,10,184,"p,c,p,p,c,p,p,p,p,p,p,p,c,c,c,p,p,p,c,p,p,p,p,p,p,a,a,p,c,p,p,p,p,p,c,p,p,c,a,a,a,a,p,a,a,c,p,p,a,a,p,p","c,a,a,a,a,p,a,a,a,c,a,a,p,a,a,a,c,a,a,a,a,a,a,p,a,a,a,a,p,a,p,a,a,a,a,a,a,p,c,p,c,a,c,a,a,c,a,a,a,c,c,a"
"29",1,TRUE,TRUE,8,"A1",11,0.3,0.0410958904109589,9,186,"p,c,p,p,a,a,a,p,p,p,p,p,p,c,p,p,p,p,a,p,c,p,p,c,p,p,c,p,p,p,p,p,p,p,p,p,a,c,p,p,p,a,a,c,p,p,a,a,p,p","p,a,a,a,p,a,a,a,a,a,a,a,a,p,a,p,a,a,a,p,a,a,a,a,p,a,a,a,a,a,a,p,a,p,a,a,a,a,a,a,p,a,a,a,a,a,a,a,a,a"
"30",1,FALSE,TRUE,8,"A1",11,0.18,0,9,186,"p,c,p,p,a,a,a,p,p,p,p,p,p,c,p,p,p,p,a,p,c,p,p,c,p,p,c,p,p,p,p,p,p,p,p,p,a,c,p,p,p,a,a,c,p,p,a,a,p,p","a,a,a,a,a,a,a,a,a,a,a,a,a,a,a,a,a,a,a,a,a,a,a,a,a,a,a,a,a,a,a,a,a,a,a,a,a,a,a,a,a,a,a,a,a,a,a,a,a,a"
"31",1,TRUE,FALSE,8,"A1",49,0.32,0.0555555555555555,9,186,"p,c,p,p,a,a,a,p,p,p,p,p,p,c,p,p,p,p,a,p,c,p,p,c,p,p,c,p,p,p,p,p,p,p,p,p,a,c,p,p,p,a,a,c,p,p,a,a,p,p","p,a,a,a,p,a,a,p,a,a,a,a,a,p,a,p,a,a,a,p,a,a,a,a,p,a,a,a,a,a,a,p,a,p,a,a,a,a,a,a,p,a,a,a,a,a,a,a,a,a"
"32",1,FALSE,FALSE,8,"A1",49,0.18,-0.0138476755687438,9,186,"p,c,p,p,a,a,a,p,p,p,p,p,p,c,p,p,p,p,a,p,c,p,p,c,p,p,c,p,p,p,p,p,p,p,p,p,a,c,p,p,p,a,a,c,p,p,a,a,p,p","p,a,a,a,c,c,c,a,a,a,a,a,a,c,a,c,a,a,a,c,a,a,a,a,c,a,a,a,a,a,a,p,a,c,a,a,a,a,a,a,c,a,a,c,a,a,a,c,a,a"
"33",1,TRUE,TRUE,9,"A1",11,0.270833333333333,-0.0421836228287841,11,188,"p,c,p,p,p,p,p,p,p,p,p,p,p,a,a,c,p,p,a,a,p,p,p,p,p,a,a,c,p,p,p,p,p,p,p,p,p,p,p,p,a,c,p,p,a,p,p,p","p,a,a,a,a,p,a,a,p,a,a,a,p,a,a,a,a,a,a,a,a,a,p,a,a,a,p,a,a,p,a,a,a,a,a,a,p,a,a,a,p,a,a,a,p,a,p,a"
"34",1,FALSE,TRUE,9,"A1",11,0.229166666666667,0.0326797385620915,11,188,"p,c,p,p,p,p,p,p,p,p,p,p,p,a,a,c,p,p,a,a,p,p,p,p,p,a,a,c,p,p,p,p,p,p,p,p,p,p,p,p,a,c,p,p,a,p,p,p","a,a,a,a,a,p,a,a,p,a,a,a,a,a,a,a,a,a,a,a,a,a,a,a,a,a,a,a,a,a,a,a,a,a,a,a,a,a,a,a,a,a,a,a,a,a,p,a"
"35",1,TRUE,FALSE,9,"A1",49,0.270833333333333,-0.0421836228287841,11,188,"p,c,p,p,p,p,p,p,p,p,p,p,p,a,a,c,p,p,a,a,p,p,p,p,p,a,a,c,p,p,p,p,p,p,p,p,p,p,p,p,a,c,p,p,a,p,p,p","p,a,a,a,a,p,a,a,p,a,a,a,p,a,a,a,a,a,a,a,a,a,p,a,a,a,p,a,a,p,a,a,a,a,a,a,p,a,a,a,p,a,a,a,p,a,p,a"
"36",1,FALSE,FALSE,9,"A1",49,0.166666666666667,-0.0212765957446808,11,188,"p,c,p,p,p,p,p,p,p,p,p,p,p,a,a,c,p,p,a,a,p,p,p,p,p,a,a,c,p,p,p,p,p,p,p,p,p,p,p,p,a,c,p,p,a,p,p,p","c,a,a,a,a,p,a,a,p,a,a,a,c,a,a,c,a,a,a,c,c,a,c,a,a,a,c,a,a,p,a,a,a,a,a,a,c,a,a,a,c,a,a,a,c,a,c,a"
"37",1,TRUE,TRUE,10,"A1",11,0.285714285714286,0.0365168539325843,12,187,"c,p,a,p,c,a,p,p,c,c,c,c,c,c,c,c,p,p,p,a,c,a,a,a,a,p,p,c,p,p,p,p,p,p,p,p,p,p,p,c,p,p,c,p,p,c,a,a,c","p,a,a,p,a,a,a,a,a,a,p,a,a,a,p,a,p,a,a,a,p,a,a,a,a,p,a,a,a,a,a,a,p,a,a,a,p,a,a,p,a,p,a,a,a,a,p,a,a"
"38",1,FALSE,TRUE,10,"A1",11,0.204081632653061,-0.0137931034482759,12,187,"c,p,a,p,c,a,p,p,c,c,c,c,c,c,c,c,p,p,p,a,c,a,a,a,a,p,p,c,p,p,p,p,p,p,p,p,p,p,p,c,p,p,c,p,p,c,a,a,c","a,a,a,a,a,a,a,a,a,a,p,a,a,a,a,a,a,a,a,a,p,a,p,a,a,a,a,a,a,a,a,a,p,a,a,a,p,a,a,a,a,a,a,a,a,a,a,a,a"
"39",1,TRUE,FALSE,10,"A1",49,0.285714285714286,0.0365168539325843,12,187,"c,p,a,p,c,a,p,p,c,c,c,c,c,c,c,c,p,p,p,a,c,a,a,a,a,p,p,c,p,p,p,p,p,p,p,p,p,p,p,c,p,p,c,p,p,c,a,a,c","p,a,a,p,a,a,a,a,a,a,p,a,a,a,p,a,p,a,a,a,p,a,a,a,a,p,a,a,a,a,a,a,p,a,a,a,p,a,a,p,a,p,a,a,a,a,p,a,a"
"40",1,FALSE,FALSE,10,"A1",49,0.204081632653061,-0.0622568093385214,12,187,"c,p,a,p,c,a,p,p,c,c,c,c,c,c,c,c,p,p,p,a,c,a,a,a,a,p,p,c,p,p,p,p,p,p,p,p,p,p,p,c,p,p,c,p,p,c,a,a,c","c,a,c,p,a,a,a,a,a,a,c,a,a,a,p,a,c,a,a,a,p,c,c,a,a,c,a,a,a,a,a,a,p,a,a,a,p,a,a,p,a,c,a,a,a,a,p,a,a"
"41",1,TRUE,TRUE,11,"A1",11,0.153846153846154,-0.11609756097561,10,184,"a,a,a,p,p,p,p,p,p,a,c,p,p,p,c,c,p,p,p,p,p,p,p,a,a,c,c,p,c,p,p,p,c,p,p,a,c,p,p,p,c,p,p,p,p,p,p,p,p,p,p,p","p,a,a,a,a,a,a,a,a,p,a,a,a,p,a,a,p,a,a,a,p,a,a,a,p,a,a,a,p,a,a,a,a,a,a,p,a,a,p,a,a,a,a,a,a,p,a,a,a,a,a,a"
"42",1,FALSE,TRUE,11,"A1",11,0.134615384615385,-0.0125486802250108,10,184,"a,a,a,p,p,p,p,p,p,a,c,p,p,p,c,c,p,p,p,p,p,p,p,a,a,c,c,p,c,p,p,p,c,p,p,a,c,p,p,p,c,p,p,p,p,p,p,p,p,p,p,p","a,a,a,a,a,a,a,a,a,a,a,a,a,a,a,a,a,a,a,a,a,a,a,a,a,a,a,a,p,a,a,a,a,a,a,a,a,a,a,a,a,a,a,a,a,a,a,a,a,a,a,a"
"43",1,TRUE,FALSE,11,"A1",49,0.173076923076923,-0.106382978723404,10,184,"a,a,a,p,p,p,p,p,p,a,c,p,p,p,c,c,p,p,p,p,p,p,p,a,a,c,c,p,c,p,p,p,c,p,p,a,c,p,p,p,c,p,p,p,p,p,p,p,p,p,p,p","p,a,a,p,a,a,a,a,a,p,a,a,a,p,a,a,p,a,a,a,p,a,a,a,p,a,a,a,p,a,a,a,a,a,a,p,a,a,p,a,a,a,a,a,a,p,a,a,a,a,a,a"
"44",1,FALSE,FALSE,11,"A1",49,0.0769230769230769,-0.105403011514615,10,184,"a,a,a,p,p,p,p,p,p,a,c,p,p,p,c,c,p,p,p,p,p,p,p,a,a,c,c,p,c,p,p,p,c,p,p,a,c,p,p,p,c,p,p,p,p,p,p,p,p,p,p,p","c,c,c,c,a,c,a,a,a,c,a,a,a,p,a,a,c,a,a,a,c,a,a,a,c,a,a,a,c,a,a,a,a,a,a,c,a,a,c,a,a,a,a,a,a,p,a,a,a,a,a,a"
"45",1,TRUE,TRUE,12,"A1",11,0.26530612244898,-0.122851686823679,10,187,"p,p,a,a,p,p,p,p,p,c,p,p,p,c,c,a,p,p,p,a,a,p,a,c,a,c,p,p,p,p,p,c,c,c,p,a,a,a,p,p,p,p,p,p,c,a,a,a,a","p,a,a,a,a,p,a,a,a,a,a,a,p,a,a,p,a,a,a,p,a,a,a,p,a,a,a,p,a,a,a,p,a,a,a,p,a,a,a,a,a,a,a,a,p,a,p,p,a"
"46",1,FALSE,TRUE,12,"A1",11,0.244897959183673,-0.0843301435406698,10,187,"p,p,a,a,p,p,p,p,p,c,p,p,p,c,c,a,p,p,p,a,a,p,a,c,a,c,p,p,p,p,p,c,c,c,p,a,a,a,p,p,p,p,p,p,c,a,a,a,a","p,a,a,a,a,a,a,a,a,a,a,a,a,a,a,p,a,a,a,a,a,a,a,a,a,a,a,a,a,a,a,a,a,a,a,p,a,a,a,a,a,a,a,a,p,a,c,a,a"
"47",1,TRUE,FALSE,12,"A1",49,0.306122448979592,-0.0445141065830721,10,187,"p,p,a,a,p,p,p,p,p,c,p,p,p,c,c,a,p,p,p,a,a,p,a,c,a,c,p,p,p,p,p,c,c,c,p,a,a,a,p,p,p,p,p,p,c,a,a,a,a","p,a,a,a,a,p,a,a,a,a,a,a,p,a,a,p,a,a,a,p,a,a,a,p,a,a,a,p,a,a,a,p,a,a,a,p,a,a,a,a,a,a,a,a,p,a,a,a,a"
"48",1,FALSE,FALSE,12,"A1",49,0.26530612244898,-0.00742432895488287,10,187,"p,p,a,a,p,p,p,p,p,c,p,p,p,c,c,a,p,p,p,a,a,p,a,c,a,c,p,p,p,p,p,c,c,c,p,a,a,a,p,p,p,p,p,p,c,a,a,a,a","p,a,a,a,a,c,a,a,a,a,a,a,p,a,a,c,a,a,a,c,a,a,c,c,a,a,a,c,a,a,a,c,a,a,a,c,c,c,a,a,c,a,a,a,c,a,a,a,a"
"49",1,TRUE,TRUE,13,"A1",11,0.261538461538462,0.025,10,171,"p,p,p,p,a,a,c,p,p,a,a,p,p,p,p,p,p,c,c,c,c,p,p,p,p,p,p,c,p,p,p,c,p,p,p,c,p,p,a,c,p,p,p,a,c,p,p,p,p,p,a,p,a,c,p,p,p,p,a,a,a,c,p,p,p","p,a,a,p,a,a,a,a,a,a,a,a,a,p,a,a,a,p,a,a,a,p,a,a,a,a,p,a,a,a,a,p,a,a,a,a,a,a,p,a,p,a,a,a,a,a,a,p,a,a,a,a,a,a,a,a,a,a,a,a,a,a,a,a,a"
"50",1,FALSE,TRUE,13,"A1",11,0.2,0.0108282118817676,10,171,"p,p,p,p,a,a,c,p,p,a,a,p,p,p,p,p,p,c,c,c,c,p,p,p,p,p,p,c,p,p,p,c,p,p,p,c,p,p,a,c,p,p,p,a,c,p,p,p,p,p,a,p,a,c,p,p,p,p,a,a,a,c,p,p,p","p,a,a,a,a,a,a,a,a,a,a,a,a,a,a,a,a,p,a,a,a,a,a,a,a,a,p,a,a,a,a,a,a,a,a,a,a,a,a,a,a,a,a,a,a,a,a,a,a,a,a,a,a,a,a,a,a,a,a,a,a,a,a,a,a"
"51",1,TRUE,FALSE,13,"A1",49,0.276923076923077,0.0359734932155254,10,171,"p,p,p,p,a,a,c,p,p,a,a,p,p,p,p,p,p,c,c,c,c,p,p,p,p,p,p,c,p,p,p,c,p,p,p,c,p,p,a,c,p,p,p,a,c,p,p,p,p,p,a,p,a,c,p,p,p,p,a,a,a,c,p,p,p","p,a,a,p,a,a,a,a,a,a,a,a,a,p,a,a,a,p,a,a,a,p,a,a,a,a,p,a,a,a,p,p,a,a,a,a,a,a,p,a,p,a,a,a,a,a,a,p,a,a,a,a,a,a,a,a,a,a,a,a,a,a,a,a,a"
"52",1,FALSE,FALSE,13,"A1",49,0.153846153846154,-0.0404540162980209,10,171,"p,p,p,p,a,a,c,p,p,a,a,p,p,p,p,p,p,c,c,c,c,p,p,p,p,p,p,c,p,p,p,c,p,p,p,c,p,p,a,c,p,p,p,a,c,p,p,p,p,p,a,p,a,c,p,p,p,p,a,a,a,c,p,p,p","p,a,a,c,a,a,c,a,a,a,c,a,a,c,a,a,a,p,a,a,a,c,a,a,a,a,c,a,a,a,a,c,a,a,a,a,a,a,c,a,c,a,a,a,a,a,a,c,a,a,a,a,c,a,a,a,a,a,a,c,a,a,a,a,a"
"53",1,TRUE,TRUE,14,"A1",11,0.327272727272727,0.0263157894736842,11,181,"p,c,a,p,p,c,c,a,p,a,c,p,p,p,c,c,p,a,p,p,c,a,a,p,a,a,p,a,p,c,c,p,p,p,p,c,p,p,c,c,a,p,a,c,c,p,a,a,c,p,p,a,a,p,p","p,a,a,a,a,a,a,p,a,a,a,p,a,a,a,p,a,a,p,a,a,a,a,a,p,a,a,a,p,a,a,p,a,a,a,a,a,a,p,a,a,a,p,a,a,p,a,a,a,a,a,a,a,a,a"
"54",1,FALSE,TRUE,14,"A1",11,0.272727272727273,-0.00917431192660554,11,181,"p,c,a,p,p,c,c,a,p,a,c,p,p,p,c,c,p,a,p,p,c,a,a,p,a,a,p,a,p,c,c,p,p,p,p,c,p,p,c,c,a,p,a,c,c,p,a,a,c,p,p,a,a,p,p","a,a,a,a,a,a,a,a,a,a,a,a,a,a,a,a,a,a,p,a,a,a,a,a,a,a,a,a,a,a,a,a,a,a,a,a,a,a,a,a,a,a,p,a,a,a,a,a,a,a,a,a,a,a,a"
"55",1,TRUE,FALSE,14,"A1",49,0.309090909090909,-0.00480769230769232,11,181,"p,c,a,p,p,c,c,a,p,a,c,p,p,p,c,c,p,a,p,p,c,a,a,p,a,a,p,a,p,c,c,p,p,p,p,c,p,p,c,c,a,p,a,c,c,p,a,a,c,p,p,a,a,p,p","p,a,a,a,a,a,a,p,a,a,a,p,a,a,a,p,a,a,p,a,a,a,p,a,p,a,a,a,p,a,a,p,a,a,a,a,a,a,p,a,a,a,p,a,a,p,a,a,a,a,a,a,a,a,a"
"56",1,FALSE,FALSE,14,"A1",49,0.236363636363636,-0.0694444444444444,11,181,"p,c,a,p,p,c,c,a,p,a,c,p,p,p,c,c,p,a,p,p,c,a,a,p,a,a,p,a,p,c,c,p,p,p,p,c,p,p,c,c,a,p,a,c,c,p,a,a,c,p,p,a,a,p,p","p,a,a,a,a,a,a,c,a,a,a,c,a,a,a,c,a,a,p,a,a,c,c,a,c,a,a,c,p,a,a,c,a,a,a,a,a,a,c,a,a,a,p,a,a,c,a,c,c,a,a,a,c,a,a"
"57",1,TRUE,TRUE,15,"A1",11,0.1875,-0.101176470588235,11,188,"p,p,p,p,p,p,p,p,p,c,p,p,c,a,a,a,p,p,p,p,p,p,c,p,c,a,c,p,a,c,p,p,p,p,p,a,c,p,a,a,p,c,c,p,c,c,c,p","p,a,a,a,p,a,a,a,p,a,a,a,a,p,a,a,a,a,a,a,a,a,p,a,p,a,a,a,p,a,a,a,p,a,a,a,p,a,a,p,a,a,a,a,p,a,a,a"
"58",1,FALSE,TRUE,15,"A1",11,0.145833333333333,-0.0580645161290323,11,188,"p,p,p,p,p,p,p,p,p,c,p,p,c,a,a,a,p,p,p,p,p,p,c,p,c,a,c,p,a,c,p,p,p,p,p,a,c,p,a,a,p,c,c,p,c,c,c,p","a,a,a,a,p,a,a,a,a,a,a,a,a,p,a,a,a,a,a,a,a,a,a,a,a,a,a,a,a,a,a,a,a,a,a,a,a,a,a,p,a,a,a,a,a,a,a,a"
"59",1,TRUE,FALSE,15,"A1",49,0.208333333333333,-0.0857142857142858,11,188,"p,p,p,p,p,p,p,p,p,c,p,p,c,a,a,a,p,p,p,p,p,p,c,p,c,a,c,p,a,c,p,p,p,p,p,a,c,p,a,a,p,c,c,p,c,c,c,p","p,a,a,a,p,a,a,a,p,a,a,a,a,p,a,a,p,a,a,a,a,a,p,a,p,a,a,a,p,a,a,a,p,a,a,a,p,a,a,p,a,a,a,a,p,a,a,a"
"60",1,FALSE,FALSE,15,"A1",49,0.125,-0.0838709677419354,11,188,"p,p,p,p,p,p,p,p,p,c,p,p,c,a,a,a,p,p,p,p,p,p,c,p,c,a,c,p,a,c,p,p,p,p,p,a,c,p,a,a,p,c,c,p,c,c,c,p","c,a,a,a,c,a,a,a,c,a,a,a,a,c,c,c,c,a,a,a,a,a,c,a,c,a,a,a,c,a,a,a,c,a,a,a,c,a,c,c,a,a,a,a,c,a,a,a"
"61",1,TRUE,TRUE,1,"depmix1",11,0.52,0,11,186,"a,c,p,p,c,p,p,p,p,p,p,a,a,a,p,p,p,p,p,p,c,c,p,c,c,p,a,p,p,c,a,a,p,a,c,p,p,c,c,a,p,a,c,c,p,p,c,p,p,c","p,p,p,p,p,p,p,p,p,p,p,p,p,p,p,p,p,p,p,p,p,p,p,p,p,p,p,p,p,p,p,p,p,p,p,p,p,p,p,p,p,p,p,p,p,p,p,p,p,p"
"62",1,FALSE,TRUE,1,"depmix1",11,0.2,-0.0330578512396694,11,186,"a,c,p,p,c,p,p,p,p,p,p,a,a,a,p,p,p,p,p,p,c,c,p,c,c,p,a,p,p,c,a,a,p,a,c,p,p,c,c,a,p,a,c,c,p,p,c,p,p,c","a,a,a,a,a,a,a,a,a,a,a,p,a,p,p,a,a,a,a,a,a,a,a,a,a,a,a,p,a,a,a,a,a,a,a,a,a,a,a,a,a,a,a,a,a,a,a,a,a,a"
"63",1,TRUE,FALSE,1,"depmix1",49,0.52,0,11,186,"a,c,p,p,c,p,p,p,p,p,p,a,a,a,p,p,p,p,p,p,c,c,p,c,c,p,a,p,p,c,a,a,p,a,c,p,p,c,c,a,p,a,c,c,p,p,c,p,p,c","p,p,p,p,p,p,p,p,p,p,p,p,p,p,p,p,p,p,p,p,p,p,p,p,p,p,p,p,p,p,p,p,p,p,p,p,p,p,p,p,p,p,p,p,p,p,p,p,p,p"
"64",1,FALSE,FALSE,1,"depmix1",49,0.44,0.0813648293963254,11,186,"a,c,p,p,c,p,p,p,p,p,p,a,a,a,p,p,p,p,p,p,c,c,p,c,c,p,a,p,p,c,a,a,p,a,c,p,p,c,c,a,p,a,c,c,p,p,c,p,p,c","a,a,p,a,p,p,p,p,c,p,a,p,c,p,p,p,p,p,p,a,a,a,a,c,a,a,c,p,p,p,p,p,c,p,p,p,p,p,a,a,c,a,a,c,a,p,p,p,p,p"
"65",1,TRUE,TRUE,2,"depmix1",11,0.54,0,8,186,"a,c,c,p,c,p,p,c,p,p,p,a,c,p,p,c,p,c,p,p,c,a,a,a,a,p,p,p,a,p,a,c,p,p,p,p,a,a,a,c,p,p,p,p,p,p,a,c,p,p","p,p,p,p,p,p,p,p,p,p,p,p,p,p,p,p,p,p,p,p,p,p,p,p,p,p,p,p,p,p,p,p,p,p,p,p,p,p,p,p,p,p,p,p,p,p,p,p,p,p"
"66",1,FALSE,TRUE,2,"depmix1",11,0.22,-0.0773480662983426,8,186,"a,c,c,p,c,p,p,c,p,p,p,a,c,p,p,c,p,c,p,p,c,a,a,a,a,p,p,p,a,p,a,c,p,p,p,p,a,a,a,c,p,p,p,p,p,p,a,c,p,p","a,a,a,a,a,a,p,a,a,a,a,a,a,a,a,a,a,a,a,a,p,p,p,p,a,a,a,a,a,a,a,a,a,a,a,a,a,a,a,a,a,p,a,a,a,a,a,a,a,a"
"67",1,TRUE,FALSE,2,"depmix1",49,0.54,0,8,186,"a,c,c,p,c,p,p,c,p,p,p,a,c,p,p,c,p,c,p,p,c,a,a,a,a,p,p,p,a,p,a,c,p,p,p,p,a,a,a,c,p,p,p,p,p,p,a,c,p,p","p,p,p,p,p,p,p,p,p,p,p,p,p,p,p,p,p,p,p,p,p,p,p,p,p,p,p,p,p,p,p,p,p,p,p,p,p,p,p,p,p,p,p,p,p,p,p,p,p,p"
"68",1,FALSE,FALSE,2,"depmix1",49,0.48,0.0627253064167267,8,186,"a,c,c,p,c,p,p,c,p,p,p,a,c,p,p,c,p,c,p,p,c,a,a,a,a,p,p,p,a,p,a,c,p,p,p,p,a,a,a,c,p,p,p,p,p,p,a,c,p,p","a,a,c,a,p,p,c,c,c,p,p,p,p,p,p,p,p,p,p,p,p,p,p,p,p,p,p,p,c,c,c,p,p,p,p,p,p,c,c,p,p,p,p,p,c,c,c,p,p,p"
"69",1,TRUE,TRUE,3,"depmix1",11,0.520833333333333,0,11,188,"c,a,c,p,p,p,p,a,p,p,c,p,p,p,p,a,c,p,p,p,a,a,p,p,c,p,a,p,p,p,c,a,a,a,a,a,p,c,c,p,c,c,c,c,p,p,p,p","p,p,p,p,p,p,p,p,p,p,p,p,p,p,p,p,p,p,p,p,p,p,p,p,p,p,p,p,p,p,p,p,p,p,p,p,p,p,p,p,p,p,p,p,p,p,p,p"
"70",1,FALSE,TRUE,3,"depmix1",11,0.145833333333333,-0.202933985330073,11,188,"c,a,c,p,p,p,p,a,p,p,c,p,p,p,p,a,c,p,p,p,a,a,p,p,c,p,a,p,p,p,c,a,a,a,a,a,p,c,c,p,c,c,c,c,p,p,p,p","a,a,a,a,a,a,a,a,a,a,a,a,a,a,a,a,a,a,a,a,p,a,a,a,a,a,a,a,a,a,p,p,p,p,p,p,a,a,a,a,p,a,a,a,p,p,a,a"
"71",1,TRUE,FALSE,3,"depmix1",49,0.520833333333333,0,11,188,"c,a,c,p,p,p,p,a,p,p,c,p,p,p,p,a,c,p,p,p,a,a,p,p,c,p,a,p,p,p,c,a,a,a,a,a,p,c,c,p,c,c,c,c,p,p,p,p","p,p,p,p,p,p,p,p,p,p,p,p,p,p,p,p,p,p,p,p,p,p,p,p,p,p,p,p,p,p,p,p,p,p,p,p,p,p,p,p,p,p,p,p,p,p,p,p"
"72",1,FALSE,FALSE,3,"depmix1",49,0.479166666666667,0.0430622009569378,11,188,"c,a,c,p,p,p,p,a,p,p,c,p,p,p,p,a,c,p,p,p,a,a,p,p,c,p,a,p,p,p,c,a,a,a,a,a,p,c,c,p,c,c,c,c,p,p,p,p","a,a,a,a,p,p,p,p,p,a,p,p,p,p,p,p,p,p,p,p,p,p,p,p,a,c,c,p,c,p,p,p,p,p,p,p,p,p,p,p,p,p,a,c,p,p,p,p"
"73",1,TRUE,TRUE,4,"depmix1",11,0.64,0,12,186,"p,p,p,c,p,a,a,c,p,p,a,a,p,p,a,a,c,p,p,p,p,p,p,p,a,c,p,c,p,p,p,a,a,p,p,p,p,p,p,a,p,c,c,p,p,p,a,p,p,p","p,p,p,p,p,p,p,p,p,p,p,p,p,p,p,p,p,p,p,p,p,p,p,p,p,p,p,p,p,p,p,p,p,p,p,p,p,p,p,p,p,p,p,p,p,p,p,p,p,p"
"74",1,FALSE,TRUE,4,"depmix1",11,0.22,-0.045016077170418,12,186,"p,p,p,c,p,a,a,c,p,p,a,a,p,p,a,a,c,p,p,p,p,p,p,p,a,c,p,c,p,p,p,a,a,p,p,p,p,p,p,a,p,c,c,p,p,p,a,p,p,p","a,a,a,a,p,a,a,a,a,a,a,a,a,a,p,a,a,a,a,a,a,a,a,a,a,a,a,a,a,a,a,a,a,a,a,a,a,a,a,a,a,a,a,a,p,a,p,a,a,a"
"75",1,TRUE,FALSE,4,"depmix1",49,0.64,0,12,186,"p,p,p,c,p,a,a,c,p,p,a,a,p,p,a,a,c,p,p,p,p,p,p,p,a,c,p,c,p,p,p,a,a,p,p,p,p,p,p,a,p,c,c,p,p,p,a,p,p,p","p,p,p,p,p,p,p,p,p,p,p,p,p,p,p,p,p,p,p,p,p,p,p,p,p,p,p,p,p,p,p,p,p,p,p,p,p,p,p,p,p,p,p,p,p,p,p,p,p,p"
"76",1,FALSE,FALSE,4,"depmix1",49,0.36,-0.0603048376408218,12,186,"p,p,p,c,p,a,a,c,p,p,a,a,p,p,a,a,c,p,p,p,p,p,p,p,a,c,p,c,p,p,p,a,a,p,p,p,p,p,p,a,p,c,c,p,p,p,a,p,p,p","p,a,a,p,c,c,c,p,p,p,a,c,c,p,p,p,p,p,p,p,p,p,p,p,c,a,c,c,c,p,p,p,c,c,p,c,c,c,c,p,c,p,p,c,p,p,c,c,c,c"
"77",1,TRUE,TRUE,5,"depmix1",11,0.48,0,13,186,"p,p,a,a,p,c,p,a,c,p,p,p,p,c,a,c,c,a,c,c,p,a,c,p,a,a,c,p,p,p,p,p,a,a,c,p,p,a,a,p,p,c,p,p,p,p,a,p,c,c","p,p,p,p,p,p,p,p,p,p,p,p,p,p,p,p,p,p,p,p,p,p,p,p,p,p,p,p,p,p,p,p,p,p,p,p,p,p,p,p,p,p,p,p,p,p,p,p,p,p"
"78",1,FALSE,TRUE,5,"depmix1",11,0.26,-0.0243632336655593,13,186,"p,p,a,a,p,c,p,a,c,p,p,p,p,c,a,c,c,a,c,c,p,a,c,p,a,a,c,p,p,p,p,p,a,a,c,p,p,a,a,p,p,c,p,p,p,p,a,p,c,c","a,a,a,a,a,a,a,a,a,a,a,a,a,a,p,a,a,a,a,a,a,a,a,a,p,a,a,p,a,a,a,p,a,a,a,a,a,a,a,a,a,a,a,a,a,a,a,a,a,a"
"79",1,TRUE,FALSE,5,"depmix1",49,0.48,0,13,186,"p,p,a,a,p,c,p,a,c,p,p,p,p,c,a,c,c,a,c,c,p,a,c,p,a,a,c,p,p,p,p,p,a,a,c,p,p,a,a,p,p,c,p,p,p,p,a,p,c,c","p,p,p,p,p,p,p,p,p,p,p,p,p,p,p,p,p,p,p,p,p,p,p,p,p,p,p,p,p,p,p,p,p,p,p,p,p,p,p,p,p,p,p,p,p,p,p,p,p,p"
"80",1,FALSE,FALSE,5,"depmix1",49,0.34,-0.0549872122762148,13,186,"p,p,a,a,p,c,p,a,c,p,p,p,p,c,a,c,c,a,c,c,p,a,c,p,a,a,c,p,p,p,p,p,a,a,c,p,p,a,a,p,p,c,p,p,p,p,a,p,c,c","p,p,p,c,c,a,a,c,p,p,p,a,a,p,p,p,p,a,a,a,a,a,a,a,p,p,p,p,p,p,p,c,c,c,c,p,c,p,c,c,c,c,c,p,p,p,p,p,p,p"
"81",1,TRUE,TRUE,6,"depmix1",11,0.479166666666667,0,9,188,"c,c,c,c,a,p,p,p,c,a,a,p,a,c,p,p,p,p,a,a,c,p,p,a,a,p,p,p,p,a,a,p,a,a,p,a,a,a,a,p,p,p,p,p,p,a,c,p","p,p,p,p,p,p,p,p,p,p,p,p,p,p,p,p,p,p,p,p,p,p,p,p,p,p,p,p,p,p,p,p,p,p,p,p,p,p,p,p,p,p,p,p,p,p,p,p"
"82",1,FALSE,TRUE,6,"depmix1",11,0.3125,-0.109243697478992,9,188,"c,c,c,c,a,p,p,p,c,a,a,p,a,c,p,p,p,p,a,a,c,p,p,a,a,p,p,p,p,a,a,p,a,a,p,a,a,a,a,p,p,p,p,p,p,a,c,p","p,a,a,a,a,a,p,p,a,a,a,a,a,a,a,a,a,p,a,a,p,a,a,a,a,a,a,a,a,a,a,a,p,a,a,p,p,p,p,a,a,a,a,a,a,a,a,a"
"83",1,TRUE,FALSE,6,"depmix1",49,0.479166666666667,0,9,188,"c,c,c,c,a,p,p,p,c,a,a,p,a,c,p,p,p,p,a,a,c,p,p,a,a,p,p,p,p,a,a,p,a,a,p,a,a,a,a,p,p,p,p,p,p,a,c,p","p,p,p,p,p,p,p,p,p,p,p,p,p,p,p,p,p,p,p,p,p,p,p,p,p,p,p,p,p,p,p,p,p,p,p,p,p,p,p,p,p,p,p,p,p,p,p,p"
"84",1,FALSE,FALSE,6,"depmix1",49,0.333333333333333,-0.051334702258727,9,188,"c,c,c,c,a,p,p,p,c,a,a,p,a,c,p,p,p,p,a,a,c,p,p,a,a,p,p,p,p,a,a,p,a,a,p,a,a,a,a,p,p,p,p,p,p,a,c,p","p,a,a,a,a,a,p,p,p,p,p,c,p,p,p,p,p,p,c,c,p,p,p,p,c,c,p,p,p,p,c,c,p,p,c,c,p,c,c,p,p,p,p,c,c,c,a,c"
"85",1,TRUE,TRUE,7,"depmix1",11,0.615384615384615,0,10,184,"p,c,p,p,c,p,p,p,p,p,p,p,c,c,c,p,p,p,c,p,p,p,p,p,p,a,a,p,c,p,p,p,p,p,c,p,p,c,a,a,a,a,p,a,a,c,p,p,a,a,p,p","p,p,p,p,p,p,p,p,p,p,p,p,p,p,p,p,p,p,p,p,p,p,p,p,p,p,p,p,p,p,p,p,p,p,p,p,p,p,p,p,p,p,p,p,p,p,p,p,p,p,p,p"
"86",1,FALSE,TRUE,7,"depmix1",11,0.173076923076923,-0.0781099324975892,10,184,"p,c,p,p,c,p,p,p,p,p,p,p,c,c,c,p,p,p,c,p,p,p,p,p,p,a,a,p,c,p,p,p,p,p,c,p,p,c,a,a,a,a,p,a,a,c,p,p,a,a,p,p","a,a,a,a,a,p,a,a,a,a,a,a,a,a,a,a,a,a,a,a,a,a,a,a,a,a,a,a,a,a,a,a,a,a,a,a,a,a,p,p,p,a,p,a,a,a,a,a,a,a,a,a"
"87",1,TRUE,FALSE,7,"depmix1",49,0.615384615384615,0,10,184,"p,c,p,p,c,p,p,p,p,p,p,p,c,c,c,p,p,p,c,p,p,p,p,p,p,a,a,p,c,p,p,p,p,p,c,p,p,c,a,a,a,a,p,a,a,c,p,p,a,a,p,p","p,p,p,p,p,p,p,p,p,p,p,p,p,p,p,p,p,p,p,p,p,p,p,p,p,p,p,p,p,p,p,p,p,p,p,p,p,p,p,p,p,p,p,p,p,p,p,p,p,p,p,p"
"88",1,FALSE,FALSE,7,"depmix1",49,0.403846153846154,-0.158045977011494,10,184,"p,c,p,p,c,p,p,p,p,p,p,p,c,c,c,p,p,p,c,p,p,p,p,p,p,a,a,p,c,p,p,p,p,p,c,p,p,c,a,a,a,a,p,a,a,c,p,p,a,a,p,p","p,p,a,p,p,p,p,p,p,p,c,p,p,p,p,p,a,a,p,p,p,a,a,p,p,p,c,a,p,p,p,a,p,p,a,a,a,p,p,p,p,p,p,c,c,p,p,p,p,c,c,p"
"89",1,TRUE,TRUE,8,"depmix1",11,0.68,0,9,186,"p,c,p,p,a,a,a,p,p,p,p,p,p,c,p,p,p,p,a,p,c,p,p,c,p,p,c,p,p,p,p,p,p,p,p,p,a,c,p,p,p,a,a,c,p,p,a,a,p,p","p,p,p,p,p,p,p,p,p,p,p,p,p,p,p,p,p,p,p,p,p,p,p,p,p,p,p,p,p,p,p,p,p,p,p,p,p,p,p,p,p,p,p,p,p,p,p,p,p,p"
"90",1,FALSE,TRUE,8,"depmix1",11,0.18,-0.025,9,186,"p,c,p,p,a,a,a,p,p,p,p,p,p,c,p,p,p,p,a,p,c,p,p,c,p,p,c,p,p,p,p,p,p,p,p,p,a,c,p,p,p,a,a,c,p,p,a,a,p,p","a,a,a,a,p,a,a,a,a,a,a,a,a,a,a,a,a,a,a,a,a,a,a,a,a,a,a,a,a,a,a,a,a,a,a,a,a,a,a,a,p,a,a,a,a,a,a,a,a,a"
"91",1,TRUE,FALSE,8,"depmix1",49,0.68,0,9,186,"p,c,p,p,a,a,a,p,p,p,p,p,p,c,p,p,p,p,a,p,c,p,p,c,p,p,c,p,p,p,p,p,p,p,p,p,a,c,p,p,p,a,a,c,p,p,a,a,p,p","p,p,p,p,p,p,p,p,p,p,p,p,p,p,p,p,p,p,p,p,p,p,p,p,p,p,p,p,p,p,p,p,p,p,p,p,p,p,p,p,p,p,p,p,p,p,p,p,p,p"
"92",1,FALSE,FALSE,8,"depmix1",49,0.48,0.0734141126158232,9,186,"p,c,p,p,a,a,a,p,p,p,p,p,p,c,p,p,p,p,a,p,c,p,p,c,p,p,c,p,p,p,p,p,p,p,p,p,a,c,p,p,p,a,a,c,p,p,a,a,p,p","p,p,p,p,p,c,c,p,p,p,p,c,a,p,p,p,p,p,a,p,p,a,p,p,p,a,p,p,p,a,a,p,a,p,c,c,a,p,p,p,c,c,c,c,c,c,a,c,c,c"
"93",1,TRUE,TRUE,9,"depmix1",11,0.75,0,11,188,"p,c,p,p,p,p,p,p,p,p,p,p,p,a,a,c,p,p,a,a,p,p,p,p,p,a,a,c,p,p,p,p,p,p,p,p,p,p,p,p,a,c,p,p,a,p,p,p","p,p,p,p,p,p,p,p,p,p,p,p,p,p,p,p,p,p,p,p,p,p,p,p,p,p,p,p,p,p,p,p,p,p,p,p,p,p,p,p,p,p,p,p,p,p,p,p"
"94",1,FALSE,TRUE,9,"depmix1",11,0.291666666666667,0.0684931506849315,11,188,"p,c,p,p,p,p,p,p,p,p,p,p,p,a,a,c,p,p,a,a,p,p,p,p,p,a,a,c,p,p,p,p,p,p,p,p,p,p,p,p,a,c,p,p,a,p,p,p","p,a,a,a,a,p,p,a,p,a,a,a,p,a,a,a,a,a,a,a,a,a,a,a,a,a,a,a,a,a,a,a,a,a,a,a,a,a,a,a,a,a,a,a,a,a,p,a"
"95",1,TRUE,FALSE,9,"depmix1",49,0.75,0,11,188,"p,c,p,p,p,p,p,p,p,p,p,p,p,a,a,c,p,p,a,a,p,p,p,p,p,a,a,c,p,p,p,p,p,p,p,p,p,p,p,p,a,c,p,p,a,p,p,p","p,p,p,p,p,p,p,p,p,p,p,p,p,p,p,p,p,p,p,p,p,p,p,p,p,p,p,p,p,p,p,p,p,p,p,p,p,p,p,p,p,p,p,p,p,p,p,p"
"96",1,FALSE,FALSE,9,"depmix1",49,0.520833333333333,0.202312138728324,11,188,"p,c,p,p,p,p,p,p,p,p,p,p,p,a,a,c,p,p,a,a,p,p,p,p,p,a,a,c,p,p,p,p,p,p,p,p,p,p,p,p,a,c,p,p,a,p,p,p","c,c,c,p,p,p,p,p,p,p,p,p,c,c,c,c,c,c,a,c,c,c,p,p,p,p,a,a,a,p,c,c,p,p,p,c,c,a,c,c,p,c,p,p,c,a,p,p"
"97",1,TRUE,TRUE,10,"depmix1",11,0.489795918367347,0,12,187,"c,p,a,p,c,a,p,p,c,c,c,c,c,c,c,c,p,p,p,a,c,a,a,a,a,p,p,c,p,p,p,p,p,p,p,p,p,p,p,c,p,p,c,p,p,c,a,a,c","p,p,p,p,p,p,p,p,p,p,p,p,p,p,p,p,p,p,p,p,p,p,p,p,p,p,p,p,p,p,p,p,p,p,p,p,p,p,p,p,p,p,p,p,p,p,p,p,p"
"98",1,FALSE,TRUE,10,"depmix1",11,0.122448979591837,-0.126737967914439,12,187,"c,p,a,p,c,a,p,p,c,c,c,c,c,c,c,c,p,p,p,a,c,a,a,a,a,p,p,c,p,p,p,p,p,p,p,p,p,p,p,c,p,p,c,p,p,c,a,a,c","a,a,a,a,a,a,a,a,a,a,a,a,a,a,a,a,a,a,a,a,p,p,p,p,a,a,a,a,a,a,a,a,p,a,a,a,a,a,a,a,a,a,a,a,a,a,p,a,a"
"99",1,TRUE,FALSE,10,"depmix1",49,0.489795918367347,0,12,187,"c,p,a,p,c,a,p,p,c,c,c,c,c,c,c,c,p,p,p,a,c,a,a,a,a,p,p,c,p,p,p,p,p,p,p,p,p,p,p,c,p,p,c,p,p,c,a,a,c","p,p,p,p,p,p,p,p,p,p,p,p,p,p,p,p,p,p,p,p,p,p,p,p,p,p,p,p,p,p,p,p,p,p,p,p,p,p,p,p,p,p,p,p,p,p,p,p,p"
"100",1,FALSE,FALSE,10,"depmix1",49,0.448979591836735,0.0170876671619613,12,187,"c,p,a,p,c,a,p,p,c,c,c,c,c,c,c,c,p,p,p,a,c,a,a,a,a,p,p,c,p,p,p,p,p,p,p,p,p,p,p,c,p,p,c,p,p,c,a,a,c","a,a,c,p,p,p,p,p,p,p,c,a,a,a,p,p,p,p,p,p,p,p,p,p,p,p,a,p,p,p,p,p,p,p,p,p,p,p,p,p,p,p,p,a,p,p,p,p,p"
"101",1,TRUE,TRUE,11,"depmix1",11,0.692307692307692,0,10,184,"a,a,a,p,p,p,p,p,p,a,c,p,p,p,c,c,p,p,p,p,p,p,p,a,a,c,c,p,c,p,p,p,c,p,p,a,c,p,p,p,c,p,p,p,p,p,p,p,p,p,p,p","p,p,p,p,p,p,p,p,p,p,p,p,p,p,p,p,p,p,p,p,p,p,p,p,p,p,p,p,p,p,p,p,p,p,p,p,p,p,p,p,p,p,p,p,p,p,p,p,p,p,p,p"
"102",1,FALSE,TRUE,11,"depmix1",11,0.115384615384615,-0.0755395683453237,10,184,"a,a,a,p,p,p,p,p,p,a,c,p,p,p,c,c,p,p,p,p,p,p,p,a,a,c,c,p,c,p,p,p,c,p,p,a,c,p,p,p,c,p,p,p,p,p,p,p,p,p,p,p","p,a,p,a,a,a,a,a,a,a,a,a,a,a,a,a,a,a,a,a,a,a,a,a,a,a,a,a,p,p,a,a,a,a,a,a,a,a,a,a,a,a,a,a,a,a,a,a,a,a,a,a"
"103",1,TRUE,FALSE,11,"depmix1",49,0.692307692307692,0,10,184,"a,a,a,p,p,p,p,p,p,a,c,p,p,p,c,c,p,p,p,p,p,p,p,a,a,c,c,p,c,p,p,p,c,p,p,a,c,p,p,p,c,p,p,p,p,p,p,p,p,p,p,p","p,p,p,p,p,p,p,p,p,p,p,p,p,p,p,p,p,p,p,p,p,p,p,p,p,p,p,p,p,p,p,p,p,p,p,p,p,p,p,p,p,p,p,p,p,p,p,p,p,p,p,p"
"104",1,FALSE,FALSE,11,"depmix1",49,0.461538461538462,0.0539311241065628,10,184,"a,a,a,p,p,p,p,p,p,a,c,p,p,p,c,c,p,p,p,p,p,p,p,a,a,c,c,p,c,p,p,p,c,p,p,a,c,p,p,p,c,p,p,p,p,p,p,p,p,p,p,p","p,c,c,p,p,p,p,c,a,c,a,a,a,p,p,p,a,a,c,a,p,p,p,p,c,a,c,a,c,c,p,p,p,p,a,a,a,a,p,a,p,p,p,a,p,p,a,p,p,p,p,p"
"105",1,TRUE,TRUE,12,"depmix1",11,0.530612244897959,0,10,187,"p,p,a,a,p,p,p,p,p,c,p,p,p,c,c,a,p,p,p,a,a,p,a,c,a,c,p,p,p,p,p,c,c,c,p,a,a,a,p,p,p,p,p,p,c,a,a,a,a","p,p,p,p,p,p,p,p,p,p,p,p,p,p,p,p,p,p,p,p,p,p,p,p,p,p,p,p,p,p,p,p,p,p,p,p,p,p,p,p,p,p,p,p,p,p,p,p,p"
"106",1,FALSE,TRUE,12,"depmix1",11,0.163265306122449,-0.222763237979306,10,187,"p,p,a,a,p,p,p,p,p,c,p,p,p,c,c,a,p,p,p,a,a,p,a,c,a,c,p,p,p,p,p,c,c,c,p,a,a,a,p,p,p,p,p,p,c,a,a,a,a","a,a,a,a,a,a,a,a,a,a,a,a,a,a,a,p,a,a,a,a,a,a,a,a,a,a,a,a,a,a,a,a,a,a,a,p,a,p,a,a,a,a,a,a,a,p,p,p,a"
"107",1,TRUE,FALSE,12,"depmix1",49,0.530612244897959,0,10,187,"p,p,a,a,p,p,p,p,p,c,p,p,p,c,c,a,p,p,p,a,a,p,a,c,a,c,p,p,p,p,p,c,c,c,p,a,a,a,p,p,p,p,p,p,c,a,a,a,a","p,p,p,p,p,p,p,p,p,p,p,p,p,p,p,p,p,p,p,p,p,p,p,p,p,p,p,p,p,p,p,p,p,p,p,p,p,p,p,p,p,p,p,p,p,p,p,p,p"
"108",1,FALSE,FALSE,12,"depmix1",49,0.36734693877551,0.00458715596330273,10,187,"p,p,a,a,p,p,p,p,p,c,p,p,p,c,c,a,p,p,p,a,a,p,a,c,a,c,p,p,p,p,p,c,c,c,p,a,a,a,p,p,p,p,p,p,c,a,a,a,a","p,p,p,c,c,p,a,c,p,a,a,a,p,p,p,p,p,p,p,p,p,c,c,c,c,a,a,p,p,a,c,p,p,p,p,p,c,c,c,p,c,c,c,a,c,a,a,a,a"
"109",1,TRUE,TRUE,13,"depmix1",11,0.646153846153846,0,10,171,"p,p,p,p,a,a,c,p,p,a,a,p,p,p,p,p,p,c,c,c,c,p,p,p,p,p,p,c,p,p,p,c,p,p,p,c,p,p,a,c,p,p,p,a,c,p,p,p,p,p,a,p,a,c,p,p,p,p,a,a,a,c,p,p,p","p,p,p,p,p,p,p,p,p,p,p,p,p,p,p,p,p,p,p,p,p,p,p,p,p,p,p,p,p,p,p,p,p,p,p,p,p,p,p,p,p,p,p,p,p,p,p,p,p,p,p,p,p,p,p,p,p,p,p,p,p,p,p,p,p"
"110",1,FALSE,TRUE,13,"depmix1",11,0.246153846153846,0.0327968417856058,10,171,"p,p,p,p,a,a,c,p,p,a,a,p,p,p,p,p,p,c,c,c,c,p,p,p,p,p,p,c,p,p,p,c,p,p,p,c,p,p,a,c,p,p,p,a,c,p,p,p,p,p,a,p,a,c,p,p,p,p,a,a,a,c,p,p,p","a,a,a,p,a,a,a,a,a,a,a,a,a,a,a,a,a,p,a,a,a,a,a,a,a,a,p,a,a,a,a,p,a,a,a,a,a,a,a,a,a,a,a,a,a,p,p,a,a,a,a,a,a,a,a,a,a,a,a,a,a,a,a,p,a"
"111",1,TRUE,FALSE,13,"depmix1",49,0.646153846153846,0,10,171,"p,p,p,p,a,a,c,p,p,a,a,p,p,p,p,p,p,c,c,c,c,p,p,p,p,p,p,c,p,p,p,c,p,p,p,c,p,p,a,c,p,p,p,a,c,p,p,p,p,p,a,p,a,c,p,p,p,p,a,a,a,c,p,p,p","p,p,p,p,p,p,p,p,p,p,p,p,p,p,p,p,p,p,p,p,p,p,p,p,p,p,p,p,p,p,p,p,p,p,p,p,p,p,p,p,p,p,p,p,p,p,p,p,p,p,p,p,p,p,p,p,p,p,p,p,p,p,p,p,p"
"112",1,FALSE,FALSE,13,"depmix1",49,0.461538461538462,0.0782009724473257,10,171,"p,p,p,p,a,a,c,p,p,a,a,p,p,p,p,p,p,c,c,c,c,p,p,p,p,p,p,c,p,p,p,c,p,p,p,c,p,p,a,c,p,p,p,a,c,p,p,p,p,p,a,p,a,c,p,p,p,p,a,a,a,c,p,p,p","p,p,p,c,c,c,c,c,c,a,c,c,c,a,a,c,a,p,a,a,a,p,a,a,a,a,c,c,a,p,p,c,p,p,p,p,p,p,p,p,p,p,c,a,p,p,p,p,p,p,c,c,c,p,p,p,p,p,p,c,c,p,p,p,p"
"113",1,TRUE,TRUE,14,"depmix1",11,0.454545454545455,0,11,181,"p,c,a,p,p,c,c,a,p,a,c,p,p,p,c,c,p,a,p,p,c,a,a,p,a,a,p,a,p,c,c,p,p,p,p,c,p,p,c,c,a,p,a,c,c,p,a,a,c,p,p,a,a,p,p","p,p,p,p,p,p,p,p,p,p,p,p,p,p,p,p,p,p,p,p,p,p,p,p,p,p,p,p,p,p,p,p,p,p,p,p,p,p,p,p,p,p,p,p,p,p,p,p,p,p,p,p,p,p,p"
"114",1,FALSE,TRUE,14,"depmix1",11,0.290909090909091,0.00232558139534884,11,181,"p,c,a,p,p,c,c,a,p,a,c,p,p,p,c,c,p,a,p,p,c,a,a,p,a,a,p,a,p,c,c,p,p,p,p,c,p,p,c,c,a,p,a,c,c,p,a,a,c,p,p,a,a,p,p","a,a,a,a,a,a,a,a,a,a,a,a,a,a,a,a,a,a,p,p,a,a,a,a,p,a,a,a,a,a,a,a,a,a,a,a,a,a,a,a,a,a,p,a,a,p,a,a,a,a,a,a,a,a,a"
"115",1,TRUE,FALSE,14,"depmix1",49,0.454545454545455,0,11,181,"p,c,a,p,p,c,c,a,p,a,c,p,p,p,c,c,p,a,p,p,c,a,a,p,a,a,p,a,p,c,c,p,p,p,p,c,p,p,c,c,a,p,a,c,c,p,a,a,c,p,p,a,a,p,p","p,p,p,p,p,p,p,p,p,p,p,p,p,p,p,p,p,p,p,p,p,p,p,p,p,p,p,p,p,p,p,p,p,p,p,p,p,p,p,p,p,p,p,p,p,p,p,p,p,p,p,p,p,p,p"
"116",1,FALSE,FALSE,14,"depmix1",49,0.290909090909091,-0.153225806451613,11,181,"p,c,a,p,p,c,c,a,p,a,c,p,p,p,c,c,p,a,p,p,c,a,a,p,a,a,p,a,p,c,c,p,p,p,p,c,p,p,c,c,a,p,a,c,c,p,a,a,c,p,p,a,a,p,p","p,p,p,p,p,p,p,a,c,a,a,p,a,a,p,a,a,c,p,p,p,p,p,p,p,p,c,c,p,p,p,p,a,c,p,a,a,a,p,a,c,c,p,p,p,p,p,c,p,p,p,p,p,c,p"
"117",1,TRUE,TRUE,15,"depmix1",11,0.583333333333333,0,11,188,"p,p,p,p,p,p,p,p,p,c,p,p,c,a,a,a,p,p,p,p,p,p,c,p,c,a,c,p,a,c,p,p,p,p,p,a,c,p,a,a,p,c,c,p,c,c,c,p","p,p,p,p,p,p,p,p,p,p,p,p,p,p,p,p,p,p,p,p,p,p,p,p,p,p,p,p,p,p,p,p,p,p,p,p,p,p,p,p,p,p,p,p,p,p,p,p"
"118",1,FALSE,TRUE,15,"depmix1",11,0.145833333333333,-0.0580645161290323,11,188,"p,p,p,p,p,p,p,p,p,c,p,p,c,a,a,a,p,p,p,p,p,p,c,p,c,a,c,p,a,c,p,p,p,p,p,a,c,p,a,a,p,c,c,p,c,c,c,p","a,a,a,a,p,a,a,a,a,a,a,a,a,p,a,p,a,a,a,a,a,a,a,a,a,a,a,a,a,a,a,a,a,a,a,a,a,a,a,a,a,a,a,a,a,a,a,a"
"119",1,TRUE,FALSE,15,"depmix1",49,0.583333333333333,0,11,188,"p,p,p,p,p,p,p,p,p,c,p,p,c,a,a,a,p,p,p,p,p,p,c,p,c,a,c,p,a,c,p,p,p,p,p,a,c,p,a,a,p,c,c,p,c,c,c,p","p,p,p,p,p,p,p,p,p,p,p,p,p,p,p,p,p,p,p,p,p,p,p,p,p,p,p,p,p,p,p,p,p,p,p,p,p,p,p,p,p,p,p,p,p,p,p,p"
"120",1,FALSE,FALSE,15,"depmix1",49,0.291666666666667,-0.114754098360656,11,188,"p,p,p,p,p,p,p,p,p,c,p,p,c,a,a,a,p,p,p,p,p,p,c,p,c,a,c,p,a,c,p,p,p,p,p,a,c,p,a,a,p,c,c,p,c,c,c,p","a,a,c,a,p,p,a,a,p,p,a,p,p,p,c,c,p,p,p,p,p,a,a,a,a,a,a,a,c,a,c,c,p,p,p,p,a,c,c,p,a,p,p,p,p,a,a,c"
"121",2,TRUE,TRUE,1,"A2",21,0.357142857142857,-0.00889679715302489,8,143,"c,c,p,p,c,p,p,p,c,p,p,c,c,p,p,a,a,a,a,p,p,a,p,a,c,p,p,p,p,a,a,a,c,p,p,p,p,p,a,c,p,p","p,a,a,p,p,a,a,a,p,a,a,a,p,a,a,p,p,p,a,p,c,a,a,a,a,a,p,p,p,p,a,a,a,p,p,p,p,a,a,a,a,a"
"122",2,FALSE,TRUE,1,"A2",21,0.261904761904762,-0.0840965861781849,8,143,"c,c,p,p,c,p,p,p,c,p,p,c,c,p,p,a,a,a,a,p,p,a,p,a,c,p,p,p,p,a,a,a,c,p,p,p,p,p,a,c,p,p","p,a,a,p,p,a,a,a,p,a,a,a,p,a,a,p,p,p,a,a,a,a,a,a,a,a,p,a,a,a,a,a,a,p,p,a,a,a,a,a,a,a"
"123",2,TRUE,FALSE,1,"A2",49,0.238095238095238,-0.107084019769357,8,143,"c,c,p,p,c,p,p,p,c,p,p,c,c,p,p,a,a,a,a,p,p,a,p,a,c,p,p,p,p,a,a,a,c,p,p,p,p,p,a,c,p,p","p,a,a,p,p,a,a,a,p,a,a,a,p,a,a,p,p,p,a,p,a,a,a,a,a,a,a,a,a,a,a,a,a,a,a,a,p,a,a,a,a,a"
"124",2,FALSE,FALSE,1,"A2",49,0.214285714285714,-0.102625298329356,8,143,"c,c,p,p,c,p,p,p,c,p,p,c,c,p,p,a,a,a,a,p,p,a,p,a,c,p,p,p,p,a,a,a,c,p,p,p,p,p,a,c,p,p","p,a,a,p,p,a,a,a,p,a,a,a,p,a,a,p,c,c,a,p,a,a,a,a,a,a,a,a,a,a,a,a,a,a,c,a,c,a,a,a,a,a"
"125",2,TRUE,TRUE,2,"A2",21,0.368421052631579,0.0519750519750519,12,147,"p,p,c,a,a,c,p,p,a,a,p,p,a,c,p,p,p,p,p,p,c,p,p,p,a,a,p,p,p,p,p,c,c,p,p,p,p,p","p,a,a,p,a,a,a,a,a,a,a,a,p,a,p,a,a,a,a,a,p,a,p,p,a,a,a,p,a,p,p,a,a,a,p,p,a,a"
"126",2,FALSE,TRUE,2,"A2",21,0.342105263157895,0.0306122448979591,12,147,"p,p,c,a,a,c,p,p,a,a,p,p,a,c,p,p,p,p,p,p,c,p,p,p,a,a,p,p,p,p,p,c,c,p,p,p,p,p","p,a,a,p,a,a,a,a,a,a,a,a,p,a,a,a,a,a,a,a,p,a,p,p,a,a,a,p,a,p,p,a,a,a,p,p,a,a"
"127",2,TRUE,FALSE,2,"A2",49,0.368421052631579,0.0519750519750519,12,147,"p,p,c,a,a,c,p,p,a,a,p,p,a,c,p,p,p,p,p,p,c,p,p,p,a,a,p,p,p,p,p,c,c,p,p,p,p,p","p,a,a,p,a,a,a,a,a,a,a,a,p,a,p,a,a,a,a,a,p,a,p,p,a,a,a,p,a,p,p,a,a,a,p,p,a,a"
"128",2,FALSE,FALSE,2,"A2",49,0.263157894736842,0.0157261794634598,12,147,"p,p,c,a,a,c,p,p,a,a,p,p,a,c,p,p,p,p,p,p,c,p,p,p,a,a,p,p,p,p,p,c,c,p,p,p,p,p","c,a,a,c,a,a,a,a,a,a,a,a,p,a,c,a,a,a,a,a,p,a,p,p,a,a,a,p,c,c,c,a,c,c,p,c,c,c"
"129",2,TRUE,TRUE,3,"A2",21,0.324324324324324,-0.0571428571428572,8,148,"c,c,c,p,p,c,a,a,p,c,p,p,p,a,a,c,p,p,a,a,p,p,p,a,a,p,a,p,a,a,a,p,p,p,p,p,p","p,a,a,p,p,a,a,a,a,p,a,a,a,p,a,a,a,a,a,a,a,a,p,a,a,a,p,a,a,p,a,c,a,a,a,a,a"
"130",2,FALSE,TRUE,3,"A2",21,0.324324324324324,-0.0644418872266974,8,148,"c,c,c,p,p,c,a,a,p,c,p,p,p,a,a,c,p,p,a,a,p,p,p,a,a,p,a,p,a,a,a,p,p,p,p,p,p","p,a,a,p,p,a,a,a,a,p,a,a,a,p,a,a,a,a,a,a,a,a,p,a,a,a,p,a,a,p,a,a,a,a,a,a,a"
"131",2,TRUE,FALSE,3,"A2",49,0.324324324324324,-0.0571428571428572,8,148,"c,c,c,p,p,c,a,a,p,c,p,p,p,a,a,c,p,p,a,a,p,p,p,a,a,p,a,p,a,a,a,p,p,p,p,p,p","p,a,a,p,p,a,a,a,a,p,a,a,a,p,a,a,a,a,a,a,a,a,p,a,a,a,p,a,a,p,a,c,a,a,a,a,a"
"132",2,FALSE,FALSE,3,"A2",49,0.324324324324324,0.0454076367389061,8,148,"c,c,c,p,p,c,a,a,p,c,p,p,p,a,a,c,p,p,a,a,p,p,p,a,a,p,a,p,a,a,a,p,p,p,p,p,p","c,a,a,p,p,c,a,c,a,p,c,a,a,c,c,c,a,a,a,a,a,a,p,a,a,a,c,c,a,c,c,c,a,a,a,a,a"
"133",2,TRUE,TRUE,4,"A2",21,0.268292682926829,-0.0406091370558376,9,144,"c,p,p,a,a,p,p,p,p,p,p,p,p,p,a,c,p,p,c,p,c,p,p,p,p,p,p,p,a,c,p,p,a,a,c,p,p,a,a,p,p","p,a,a,p,a,a,a,a,a,a,a,p,p,a,a,p,a,a,a,p,a,a,a,a,a,p,p,a,a,a,a,a,p,a,a,a,a,a,a,a,a"
"134",2,FALSE,TRUE,4,"A2",21,0.292682926829268,0.0254098360655737,9,144,"c,p,p,a,a,p,p,p,p,p,p,p,p,p,a,c,p,p,c,p,c,p,p,p,p,p,p,p,a,c,p,p,a,a,c,p,p,a,a,p,p","p,a,a,p,a,a,a,a,a,a,a,p,p,a,a,a,a,a,a,p,a,a,a,a,a,p,p,a,a,a,a,a,a,a,a,a,a,a,a,a,a"
"135",2,TRUE,FALSE,4,"A2",49,0.268292682926829,-0.0406091370558376,9,144,"c,p,p,a,a,p,p,p,p,p,p,p,p,p,a,c,p,p,c,p,c,p,p,p,p,p,p,p,a,c,p,p,a,a,c,p,p,a,a,p,p","p,a,a,p,a,a,a,a,a,a,a,p,p,a,a,p,a,a,a,p,a,a,a,a,a,p,p,a,a,a,a,a,p,a,a,a,a,a,a,a,a"
"136",2,FALSE,FALSE,4,"A2",49,0.219512195121951,-0.00305810397553516,9,144,"c,p,p,a,a,p,p,p,p,p,p,p,p,p,a,c,p,p,c,p,c,p,p,p,p,p,p,p,a,c,p,p,a,a,c,p,p,a,a,p,p","p,a,a,c,a,a,a,a,a,a,a,p,p,a,a,c,a,a,a,c,a,a,a,a,a,c,c,a,a,a,a,a,c,a,a,a,a,a,a,a,a"
"137",2,TRUE,TRUE,5,"A2",21,0.27027027027027,-0.0707395498392283,12,148,"p,a,c,a,p,p,c,c,c,c,c,c,p,p,a,a,a,a,a,p,c,p,p,p,p,p,p,p,p,p,p,c,p,p,c,a,c","p,a,p,a,a,a,a,a,p,a,a,p,p,a,a,p,p,p,a,p,a,a,a,a,a,p,a,a,p,a,p,p,a,a,a,p,a"
"138",2,FALSE,TRUE,5,"A2",21,0.27027027027027,-0.0593849416755037,12,148,"p,a,c,a,p,p,c,c,c,c,c,c,p,p,a,a,a,a,a,p,c,p,p,p,p,p,p,p,p,p,p,c,p,p,c,a,c","p,a,p,a,a,a,a,a,p,a,a,p,p,a,a,p,p,p,a,p,a,a,a,a,a,p,a,a,p,a,p,a,a,a,a,p,a"
"139",2,TRUE,FALSE,5,"A2",49,0.27027027027027,-0.0707395498392283,12,148,"p,a,c,a,p,p,c,c,c,c,c,c,p,p,a,a,a,a,a,p,c,p,p,p,p,p,p,p,p,p,p,c,p,p,c,a,c","p,a,p,a,a,a,a,a,p,a,a,p,p,a,a,p,p,p,a,p,a,a,a,a,a,p,a,a,p,a,p,p,a,a,a,p,a"
"140",2,FALSE,FALSE,5,"A2",49,0.243243243243243,-0.0928270042194092,12,148,"p,a,c,a,p,p,c,c,c,c,c,c,p,p,a,a,a,a,a,p,c,p,p,p,p,p,p,p,p,p,p,c,p,p,c,a,c","p,c,p,c,a,a,a,a,c,a,a,p,p,a,a,p,c,c,a,p,a,a,a,a,a,p,a,a,p,a,p,p,a,a,a,p,a"
"141",2,TRUE,TRUE,6,"A2",21,0.230769230769231,-0.198770491803279,10,146,"p,a,a,p,p,p,p,c,p,p,c,c,p,p,p,a,p,a,a,c,p,p,p,p,c,c,p,a,a,p,p,p,p,p,p,a,a,a,a","p,a,a,a,p,a,a,a,a,a,p,a,p,a,a,p,a,a,p,a,a,p,a,a,p,a,a,p,a,a,a,a,a,a,a,p,p,c,a"
"142",2,FALSE,TRUE,6,"A2",21,0.230769230769231,-0.179435483870968,10,146,"p,a,a,p,p,p,p,c,p,p,c,c,p,p,p,a,p,a,a,c,p,p,p,p,c,c,p,a,a,p,p,p,p,p,p,a,a,a,a","p,a,a,a,p,a,a,a,a,a,p,a,p,a,a,p,a,a,p,a,a,p,a,a,p,a,a,p,a,a,a,a,a,a,a,p,c,c,a"
"143",2,TRUE,FALSE,6,"A2",49,0.256410256410256,-0.145896656534954,10,146,"p,a,a,p,p,p,p,c,p,p,c,c,p,p,p,a,p,a,a,c,p,p,p,p,c,c,p,a,a,p,p,p,p,p,p,a,a,a,a","p,a,a,a,p,a,a,a,a,a,p,a,p,a,a,p,a,a,p,a,a,p,a,a,p,a,a,p,a,a,a,a,a,a,a,p,a,c,a"
"144",2,FALSE,FALSE,6,"A2",49,0.230769230769231,-0.0763569457221711,10,146,"p,a,a,p,p,p,p,c,p,p,c,c,p,p,p,a,p,a,a,c,p,p,p,p,c,c,p,a,a,p,p,p,p,p,p,a,a,a,a","p,a,a,a,c,c,a,a,a,a,p,a,p,a,a,c,c,a,c,a,a,p,a,a,p,c,a,c,a,a,a,a,a,a,a,c,c,c,a"
"145",2,TRUE,TRUE,7,"A2",21,0.340909090909091,0.0413223140495867,11,141,"c,a,p,p,c,c,p,a,c,p,p,c,p,a,p,c,a,a,p,a,p,a,c,c,p,p,p,c,p,p,c,a,p,c,c,a,a,c,p,p,a,a,p,p","p,a,a,a,a,a,p,a,a,p,a,a,p,a,p,a,a,a,a,p,a,a,p,a,p,a,a,a,a,a,p,a,a,p,a,p,a,a,a,a,a,a,a,a"
"146",2,FALSE,TRUE,7,"A2",21,0.318181818181818,0.00751879699248122,11,141,"c,a,p,p,c,c,p,a,c,p,p,c,p,a,p,c,a,a,p,a,p,a,c,c,p,p,p,c,p,p,c,a,p,c,c,a,a,c,p,p,a,a,p,p","p,a,a,a,a,a,p,a,a,p,a,a,p,a,p,a,a,a,a,p,a,a,p,a,p,a,a,a,a,a,p,a,a,p,a,p,c,a,a,a,a,a,a,a"
"147",2,TRUE,FALSE,7,"A2",49,0.340909090909091,0.0377073906485671,11,141,"c,a,p,p,c,c,p,a,c,p,p,c,p,a,p,c,a,a,p,a,p,a,c,c,p,p,p,c,p,p,c,a,p,c,c,a,a,c,p,p,a,a,p,p","p,a,a,a,a,a,p,a,a,p,a,a,p,a,p,a,a,a,a,p,a,a,p,a,p,a,a,a,a,a,p,a,a,p,a,p,a,c,c,a,c,a,c,c"
"148",2,FALSE,FALSE,7,"A2",49,0.272727272727273,-0.0383480825958702,11,141,"c,a,p,p,c,c,p,a,c,p,p,c,p,a,p,c,a,a,p,a,p,a,c,c,p,p,p,c,p,p,c,a,p,c,c,a,a,c,p,p,a,a,p,p","p,c,a,a,a,a,c,a,a,c,a,a,c,a,p,c,a,c,a,c,c,a,p,a,p,a,a,a,a,a,c,a,a,c,a,p,c,c,c,c,a,c,c,c"
"149",2,TRUE,TRUE,8,"A2",21,0.358974358974359,-0.00411946446961894,9,146,"c,a,p,p,p,a,a,a,a,a,p,c,c,p,c,p,p,p,p,p,p,p,p,p,a,p,a,c,p,p,p,p,a,a,a,c,p,p,p","p,a,a,p,p,a,p,p,p,a,p,a,a,a,p,a,p,a,a,p,a,a,p,a,a,a,a,a,a,a,a,a,a,a,a,a,a,a,a"
"150",2,FALSE,TRUE,8,"A2",21,0.333333333333333,-0.0325865580448065,9,146,"c,a,p,p,p,a,a,a,a,a,p,c,c,p,c,p,p,p,p,p,p,p,p,p,a,p,a,c,p,p,p,p,a,a,a,c,p,p,p","p,a,a,p,p,a,p,p,p,a,p,a,a,a,p,a,p,a,a,p,a,a,a,a,a,a,a,a,a,a,a,a,a,a,a,a,a,a,a"
"151",2,TRUE,FALSE,8,"A2",49,0.358974358974359,-0.00411946446961894,9,146,"c,a,p,p,p,a,a,a,a,a,p,c,c,p,c,p,p,p,p,p,p,p,p,p,a,p,a,c,p,p,p,p,a,a,a,c,p,p,p","p,a,a,p,p,a,p,p,p,a,p,a,a,a,p,a,p,a,a,p,a,a,p,a,a,a,a,a,a,a,a,a,a,a,a,a,a,a,a"
"152",2,FALSE,FALSE,8,"A2",49,0.230769230769231,-0.0655737704918033,9,146,"c,a,p,p,p,a,a,a,a,a,p,c,c,p,c,p,p,p,p,p,p,p,p,p,a,p,a,c,p,p,p,p,a,a,a,c,p,p,p","c,a,a,p,p,c,c,c,c,a,c,a,a,a,p,a,p,a,a,c,a,a,c,a,a,a,c,a,a,a,a,a,a,a,c,a,a,a,a"
"153",2,TRUE,TRUE,9,"A2",21,0.209302325581395,-0.0181058495821727,11,142,"c,p,p,c,c,c,p,c,p,p,c,p,p,p,c,c,p,p,c,p,c,c,p,c,p,c,p,p,a,p,a,c,p,p,p,p,a,a,a,c,p,p,p","p,a,a,a,p,a,p,p,a,a,p,a,a,a,p,a,p,a,a,p,a,a,a,p,a,p,p,a,a,a,a,a,a,a,a,a,a,a,a,a,a,a,a"
"154",2,FALSE,TRUE,9,"A2",21,0.209302325581395,-0.0181058495821727,11,142,"c,p,p,c,c,c,p,c,p,p,c,p,p,p,c,c,p,p,c,p,c,c,p,c,p,c,p,p,a,p,a,c,p,p,p,p,a,a,a,c,p,p,p","p,a,a,a,p,a,p,p,a,a,p,a,a,a,p,a,p,a,a,p,a,a,a,p,a,p,p,a,a,a,a,a,a,a,a,a,a,a,a,a,a,a,a"
"155",2,TRUE,FALSE,9,"A2",49,0.209302325581395,-0.0181058495821727,11,142,"c,p,p,c,c,c,p,c,p,p,c,p,p,p,c,c,p,p,c,p,c,c,p,c,p,c,p,p,a,p,a,c,p,p,p,p,a,a,a,c,p,p,p","p,a,a,a,p,a,p,p,a,a,p,a,a,a,p,a,p,a,a,p,a,a,a,p,a,p,p,a,a,a,a,a,a,a,a,a,a,a,a,a,a,a,a"
"156",2,FALSE,FALSE,9,"A2",49,0.186046511627907,-0.0422437673130194,11,142,"c,p,p,c,c,c,p,c,p,p,c,p,p,p,c,c,p,p,c,p,c,c,p,c,p,c,p,p,a,p,a,c,p,p,p,p,a,a,a,c,p,p,p","p,a,a,a,p,a,p,p,a,a,p,a,a,a,p,a,c,a,a,p,a,a,a,p,a,p,p,a,a,a,a,a,a,a,a,a,a,a,a,a,a,a,a"
"157",2,TRUE,TRUE,10,"A2",21,0.4,0.0588235294117648,10,145,"p,p,a,p,a,a,p,a,a,p,p,p,p,p,p,p,p,a,c,p,p,c,p,p,c,c,a,a,c,p,p,a,a,p,p,p,c,a,a,p","p,p,a,p,a,a,a,p,a,a,a,a,a,a,a,p,a,a,a,a,a,p,a,p,p,a,p,a,a,a,a,a,a,a,a,p,a,a,a,a"
"158",2,FALSE,TRUE,10,"A2",21,0.4,0.0588235294117648,10,145,"p,p,a,p,a,a,p,a,a,p,p,p,p,p,p,p,p,a,c,p,p,c,p,p,c,c,a,a,c,p,p,a,a,p,p,p,c,a,a,p","p,p,a,p,a,a,a,p,a,a,a,a,a,a,a,p,a,a,a,a,a,p,a,p,p,a,p,a,a,a,a,a,a,a,a,p,a,a,a,a"
"159",2,TRUE,FALSE,10,"A2",49,0.375,0.0476190476190476,10,145,"p,p,a,p,a,a,p,a,a,p,p,p,p,p,p,p,p,a,c,p,p,c,p,p,c,c,a,a,c,p,p,a,a,p,p,p,c,a,a,p","p,p,a,p,a,a,a,p,a,a,a,a,a,a,a,p,a,a,a,a,a,p,a,p,p,a,p,a,c,a,a,a,a,c,a,p,a,c,c,c"
"160",2,FALSE,FALSE,10,"A2",49,0.25,-0.00502512562814075,10,145,"p,p,a,p,a,a,p,a,a,p,p,p,p,p,p,p,p,a,c,p,p,c,p,p,c,c,a,a,c,p,p,a,a,p,p,p,c,a,a,p","p,p,c,p,a,a,a,c,c,c,a,a,a,a,a,c,c,a,a,a,a,p,a,c,c,a,c,c,c,a,a,a,c,c,c,c,c,c,c,c"
"161",2,TRUE,TRUE,11,"A2",21,0.27027027027027,0.0347826086956521,7,148,"p,c,a,p,p,c,c,p,p,c,c,c,c,p,p,p,p,p,p,p,p,p,a,p,a,c,p,p,p,p,a,a,a,c,p,p,p","p,p,a,a,a,a,a,p,a,p,a,a,p,a,p,a,a,a,a,a,p,a,a,a,a,a,a,a,a,a,a,a,a,a,a,a,a"
"162",2,FALSE,TRUE,11,"A2",21,0.216216216216216,-0.00562324273664482,7,148,"p,c,a,p,p,c,c,p,p,c,c,c,c,p,p,p,p,p,p,p,p,p,a,p,a,c,p,p,p,p,a,a,a,c,p,p,p","p,p,a,a,a,a,a,p,a,p,a,a,p,a,a,a,a,a,a,a,a,a,a,a,a,a,a,a,a,a,a,a,a,a,a,a,a"
"163",2,TRUE,FALSE,11,"A2",49,0.27027027027027,0.0347826086956521,7,148,"p,c,a,p,p,c,c,p,p,c,c,c,c,p,p,p,p,p,p,p,p,p,a,p,a,c,p,p,p,p,a,a,a,c,p,p,p","p,p,a,a,a,a,a,p,a,p,a,a,p,a,p,a,a,a,a,a,p,a,a,a,a,a,a,a,a,a,a,a,a,a,a,a,a"
"164",2,FALSE,FALSE,11,"A2",49,0.216216216216216,-0.0160984848484849,7,148,"p,c,a,p,p,c,c,p,p,c,c,c,c,p,p,p,p,p,p,p,p,p,a,p,a,c,p,p,p,p,a,a,a,c,p,p,p","p,p,c,a,a,a,a,p,a,c,a,a,p,a,c,a,a,a,a,a,c,a,a,a,c,a,c,c,a,a,a,a,a,c,a,c,a"
"165",2,TRUE,TRUE,12,"A2",21,0.2,-0.140819964349376,9,145,"p,c,p,p,p,p,p,p,p,a,a,a,a,c,p,c,a,a,p,p,p,p,p,p,p,p,p,a,c,p,p,c,c,c,p,p,p,c,p,p","p,a,a,a,a,a,p,a,a,p,p,p,a,p,a,a,p,a,a,a,a,a,a,a,p,p,a,a,a,a,a,p,a,a,p,a,a,a,a,a"
"166",2,FALSE,TRUE,12,"A2",21,0.2,-0.140819964349376,9,145,"p,c,p,p,p,p,p,p,p,a,a,a,a,c,p,c,a,a,p,p,p,p,p,p,p,p,p,a,c,p,p,c,c,c,p,p,p,c,p,p","p,a,a,a,a,a,p,a,a,p,p,p,a,p,a,a,p,a,a,a,a,a,a,a,p,p,a,a,a,a,a,p,a,a,p,a,a,a,a,a"
"167",2,TRUE,FALSE,12,"A2",49,0.2,-0.107266435986159,9,145,"p,c,p,p,p,p,p,p,p,a,a,a,a,c,p,c,a,a,p,p,p,p,p,p,p,p,p,a,c,p,p,c,c,c,p,p,p,c,p,p","p,a,a,a,a,a,p,a,a,p,c,c,a,p,a,a,p,a,a,a,a,a,a,a,p,p,a,a,a,a,a,p,a,a,p,a,a,a,a,a"
"168",2,FALSE,FALSE,12,"A2",49,0.175,-0.0492845786963434,9,145,"p,c,p,p,p,p,p,p,p,a,a,a,a,c,p,c,a,a,p,p,p,p,p,p,p,p,p,a,c,p,p,c,c,c,p,p,p,c,p,p","c,a,a,a,a,a,p,a,a,p,c,c,a,c,a,a,c,a,a,a,a,a,a,a,p,c,a,a,a,a,a,c,a,a,c,a,a,a,a,a"
"169",2,TRUE,TRUE,13,"A2",21,0.214285714285714,-0.155,13,143,"c,c,p,p,p,a,a,a,a,c,p,a,c,c,a,c,p,p,p,c,p,p,c,p,p,p,p,p,a,c,p,p,p,p,p,p,p,p,p,c,p,p","p,a,a,p,a,p,p,p,a,p,p,a,p,a,p,a,p,a,a,a,a,a,p,a,a,a,p,a,a,p,a,a,a,p,a,a,p,a,a,a,a,a"
"170",2,FALSE,TRUE,13,"A2",21,0.19047619047619,-0.172413793103448,13,143,"c,c,p,p,p,a,a,a,a,c,p,a,c,c,a,c,p,p,p,c,p,p,c,p,p,p,p,p,a,c,p,p,p,p,p,p,p,p,p,c,p,p","p,a,a,a,a,p,p,p,a,p,p,a,p,a,p,a,p,a,a,a,a,a,p,a,a,a,p,a,a,p,a,a,a,p,a,a,p,a,a,a,a,a"
"171",2,TRUE,FALSE,13,"A2",49,0.238095238095238,-0.137055837563452,13,143,"c,c,p,p,p,a,a,a,a,c,p,a,c,c,a,c,p,p,p,c,p,p,c,p,p,p,p,p,a,c,p,p,p,p,p,p,p,p,p,c,p,p","p,a,a,p,p,p,p,p,a,p,p,a,p,a,p,a,p,a,a,a,a,a,p,a,a,a,p,a,a,p,a,a,a,p,a,a,p,a,a,a,a,a"
"172",2,FALSE,FALSE,13,"A2",49,0.166666666666667,-0.175059952038369,13,143,"c,c,p,p,p,a,a,a,a,c,p,a,c,c,a,c,p,p,p,c,p,p,c,p,p,p,p,p,a,c,p,p,p,p,p,p,p,p,p,c,p,p","p,c,a,c,c,p,c,c,a,p,p,c,p,a,p,a,p,a,a,a,a,a,p,a,a,a,p,a,a,p,a,a,a,p,a,a,c,a,a,a,a,a"
"173",2,TRUE,TRUE,14,"A2",21,0.256410256410256,-0.0328767123287672,6,146,"p,p,a,p,a,c,p,p,p,p,a,a,a,c,p,p,p,c,p,p,c,p,p,c,c,c,a,a,p,p,p,p,p,p,p,c,a,a,p","p,a,a,a,a,a,a,a,a,a,a,a,a,a,a,a,a,p,a,a,p,a,a,a,p,a,p,c,a,a,a,a,c,a,p,c,a,a,a"
"174",2,FALSE,TRUE,14,"A2",21,0.256410256410256,-0.0338208409506398,6,146,"p,p,a,p,a,c,p,p,p,p,a,a,a,c,p,p,p,c,p,p,c,p,p,c,c,c,a,a,p,p,p,p,p,p,p,c,a,a,p","p,a,a,a,a,a,a,a,a,a,a,a,a,a,a,a,a,p,a,a,p,a,a,a,p,a,p,a,a,a,c,a,c,a,p,a,a,a,a"
"175",2,TRUE,FALSE,14,"A2",49,0.256410256410256,-0.0357142857142857,6,146,"p,p,a,p,a,c,p,p,p,p,a,a,a,c,p,p,p,c,p,p,c,p,p,c,c,c,a,a,p,p,p,p,p,p,p,c,a,a,p","p,a,a,a,a,a,a,a,a,a,a,a,a,a,a,a,a,p,a,a,p,a,a,a,p,a,p,a,a,a,a,a,a,a,p,a,a,a,a"
"176",2,FALSE,FALSE,14,"A2",49,0.205128205128205,-0.0633245382585752,6,146,"p,p,a,p,a,c,p,p,p,p,a,a,a,c,p,p,p,c,p,p,c,p,p,c,c,c,a,a,p,p,p,p,p,p,p,c,a,a,p","p,a,a,a,a,a,a,a,a,a,a,a,a,a,a,a,a,p,a,a,p,a,a,a,c,a,c,a,a,a,c,a,a,a,c,a,c,c,a"
"177",2,TRUE,TRUE,15,"A2",21,0.282051282051282,-0.0205607476635514,10,146,"c,c,c,c,c,p,a,p,a,p,p,p,p,p,p,a,p,a,c,c,p,p,c,p,p,a,c,p,p,c,a,a,c,p,p,a,a,p,p","p,a,a,p,a,a,p,a,a,p,a,a,a,p,a,a,p,a,a,p,a,a,a,p,a,a,a,a,a,p,p,a,a,a,a,a,a,a,a"
"178",2,FALSE,TRUE,15,"A2",21,0.282051282051282,-0.0205607476635514,10,146,"c,c,c,c,c,p,a,p,a,p,p,p,p,p,p,a,p,a,c,c,p,p,c,p,p,a,c,p,p,c,a,a,c,p,p,a,a,p,p","p,a,a,p,a,a,p,a,a,p,a,a,a,p,a,a,p,a,a,p,a,a,a,p,a,a,a,a,a,p,p,a,a,a,a,a,a,a,a"
"179",2,TRUE,FALSE,15,"A2",49,0.282051282051282,-0.0205607476635514,10,146,"c,c,c,c,c,p,a,p,a,p,p,p,p,p,p,a,p,a,c,c,p,p,c,p,p,a,c,p,p,c,a,a,c,p,p,a,a,p,p","p,a,a,p,a,a,p,a,a,p,a,a,a,p,a,a,p,a,a,p,a,a,a,p,a,a,a,a,a,p,p,a,a,a,a,a,a,a,a"
"180",2,FALSE,FALSE,15,"A2",49,0.256410256410256,-0.0376146788990826,10,146,"c,c,c,c,c,p,a,p,a,p,p,p,p,p,p,a,p,a,c,c,p,p,c,p,p,a,c,p,p,c,a,a,c,p,p,a,a,p,p","c,a,a,p,a,a,c,a,a,c,a,a,a,p,a,a,p,c,a,p,c,a,a,p,c,a,a,a,a,p,c,c,c,a,a,a,a,a,c"
"181",2,TRUE,TRUE,1,"depmix2",21,0.547619047619048,0,8,143,"c,c,p,p,c,p,p,p,c,p,p,c,c,p,p,a,a,a,a,p,p,a,p,a,c,p,p,p,p,a,a,a,c,p,p,p,p,p,a,c,p,p","p,p,p,p,p,p,p,p,p,p,p,p,p,p,p,p,p,p,p,p,p,p,p,p,p,p,p,p,p,p,p,p,p,p,p,p,p,p,p,p,p,p"
"182",2,FALSE,TRUE,1,"depmix2",21,0.5,-0.0220162224797221,8,143,"c,c,p,p,c,p,p,p,c,p,p,c,c,p,p,a,a,a,a,p,p,a,p,a,c,p,p,p,p,a,a,a,c,p,p,p,p,p,a,c,p,p","p,p,p,p,p,a,p,p,p,p,p,p,p,p,p,p,p,p,p,p,p,p,p,p,p,p,p,p,p,p,p,p,p,p,p,p,a,a,a,a,p,p"
"183",2,TRUE,FALSE,1,"depmix2",49,0.547619047619048,0,8,143,"c,c,p,p,c,p,p,p,c,p,p,c,c,p,p,a,a,a,a,p,p,a,p,a,c,p,p,p,p,a,a,a,c,p,p,p,p,p,a,c,p,p","p,p,p,p,p,p,p,p,p,p,p,p,p,p,p,p,p,p,p,p,p,p,p,p,p,p,p,p,p,p,p,p,p,p,p,p,p,p,p,p,p,p"
"184",2,FALSE,FALSE,1,"depmix2",49,0.523809523809524,0.011764705882353,8,143,"c,c,p,p,c,p,p,p,c,p,p,c,c,p,p,a,a,a,a,p,p,a,p,a,c,p,p,p,p,a,a,a,c,p,p,p,p,p,a,c,p,p","p,p,p,p,p,p,p,p,p,p,p,p,p,p,p,p,p,p,p,p,p,p,p,p,p,p,p,p,p,p,p,p,p,p,p,p,a,a,a,a,p,p"
"185",2,TRUE,TRUE,2,"depmix2",21,0.657894736842105,0,12,147,"p,p,c,a,a,c,p,p,a,a,p,p,a,c,p,p,p,p,p,p,c,p,p,p,a,a,p,p,p,p,p,c,c,p,p,p,p,p","p,p,p,p,p,p,p,p,p,p,p,p,p,p,p,p,p,p,p,p,p,p,p,p,p,p,p,p,p,p,p,p,p,p,p,p,p,p"
"186",2,FALSE,TRUE,2,"depmix2",21,0.657894736842105,0,12,147,"p,p,c,a,a,c,p,p,a,a,p,p,a,c,p,p,p,p,p,p,c,p,p,p,a,a,p,p,p,p,p,c,c,p,p,p,p,p","p,p,p,p,p,p,p,p,p,p,p,p,p,p,p,p,p,p,p,p,p,p,p,p,p,p,p,p,p,p,p,p,p,p,p,p,p,p"
"187",2,TRUE,FALSE,2,"depmix2",49,0.657894736842105,0,12,147,"p,p,c,a,a,c,p,p,a,a,p,p,a,c,p,p,p,p,p,p,c,p,p,p,a,a,p,p,p,p,p,c,c,p,p,p,p,p","p,p,p,p,p,p,p,p,p,p,p,p,p,p,p,p,p,p,p,p,p,p,p,p,p,p,p,p,p,p,p,p,p,p,p,p,p,p"
"188",2,FALSE,FALSE,2,"depmix2",49,0.578947368421053,-0.103448275862069,12,147,"p,p,c,a,a,c,p,p,a,a,p,p,a,c,p,p,p,p,p,p,c,p,p,p,a,a,p,p,p,p,p,c,c,p,p,p,p,p","p,p,p,p,p,p,p,p,p,p,p,p,p,p,p,p,p,p,p,p,p,p,p,p,p,p,p,p,p,p,c,p,p,p,p,c,c,p"
"189",2,TRUE,TRUE,3,"depmix2",21,0.513513513513513,0,8,148,"c,c,c,p,p,c,a,a,p,c,p,p,p,a,a,c,p,p,a,a,p,p,p,a,a,p,a,p,a,a,a,p,p,p,p,p,p","p,p,p,p,p,p,p,p,p,p,p,p,p,p,p,p,p,p,p,p,p,p,p,p,p,p,p,p,p,p,p,p,p,p,p,p,p"
"190",2,FALSE,TRUE,3,"depmix2",21,0.513513513513513,0,8,148,"c,c,c,p,p,c,a,a,p,c,p,p,p,a,a,c,p,p,a,a,p,p,p,a,a,p,a,p,a,a,a,p,p,p,p,p,p","p,p,p,p,p,p,p,p,p,p,p,p,p,p,p,p,p,p,p,p,p,p,p,p,p,p,p,p,p,p,p,p,p,p,p,p,p"
"191",2,TRUE,FALSE,3,"depmix2",49,0.513513513513513,0,8,148,"c,c,c,p,p,c,a,a,p,c,p,p,p,a,a,c,p,p,a,a,p,p,p,a,a,p,a,p,a,a,a,p,p,p,p,p,p","p,p,p,p,p,p,p,p,p,p,p,p,p,p,p,p,p,p,p,p,p,p,p,p,p,p,p,p,p,p,p,p,p,p,p,p,p"
"192",2,FALSE,FALSE,3,"depmix2",49,0.486486486486487,-0.0353460972017672,8,148,"c,c,c,p,p,c,a,a,p,c,p,p,p,a,a,c,p,p,a,a,p,p,p,a,a,p,a,p,a,a,a,p,p,p,p,p,p","p,p,p,p,p,p,p,p,p,p,p,p,p,p,p,p,p,p,p,p,p,p,p,p,p,p,p,c,p,p,p,p,p,p,p,p,p"
"193",2,TRUE,TRUE,4,"depmix2",21,0.658536585365854,0,9,144,"c,p,p,a,a,p,p,p,p,p,p,p,p,p,a,c,p,p,c,p,c,p,p,p,p,p,p,p,a,c,p,p,a,a,c,p,p,a,a,p,p","p,p,p,p,p,p,p,p,p,p,p,p,p,p,p,p,p,p,p,p,p,p,p,p,p,p,p,p,p,p,p,p,p,p,p,p,p,p,p,p,p"
"194",2,FALSE,TRUE,4,"depmix2",21,0.560975609756098,-0.0726744186046508,9,144,"c,p,p,a,a,p,p,p,p,p,p,p,p,p,a,c,p,p,c,p,c,p,p,p,p,p,p,p,a,c,p,p,a,a,c,p,p,a,a,p,p","p,p,p,p,p,p,p,p,p,p,p,p,p,a,p,p,a,p,p,a,p,p,p,p,p,p,a,a,a,p,p,p,p,p,p,p,p,p,p,p,p"
"195",2,TRUE,FALSE,4,"depmix2",49,0.658536585365854,0,9,144,"c,p,p,a,a,p,p,p,p,p,p,p,p,p,a,c,p,p,c,p,c,p,p,p,p,p,p,p,a,c,p,p,a,a,c,p,p,a,a,p,p","p,p,p,p,p,p,p,p,p,p,p,p,p,p,p,p,p,p,p,p,p,p,p,p,p,p,p,p,p,p,p,p,p,p,p,p,p,p,p,p,p"
"196",2,FALSE,FALSE,4,"depmix2",49,0.634146341463415,-0.0370994940978076,9,144,"c,p,p,a,a,p,p,p,p,p,p,p,p,p,a,c,p,p,c,p,c,p,p,p,p,p,p,p,a,c,p,p,a,a,c,p,p,a,a,p,p","p,p,p,p,p,p,p,p,p,p,a,p,p,p,p,p,p,p,p,p,p,p,p,p,p,p,p,p,p,p,p,p,p,p,p,p,p,p,p,p,p"
"197",2,TRUE,TRUE,5,"depmix2",21,0.486486486486487,0,12,148,"p,a,c,a,p,p,c,c,c,c,c,c,p,p,a,a,a,a,a,p,c,p,p,p,p,p,p,p,p,p,p,c,p,p,c,a,c","p,p,p,p,p,p,p,p,p,p,p,p,p,p,p,p,p,p,p,p,p,p,p,p,p,p,p,p,p,p,p,p,p,p,p,p,p"
"198",2,FALSE,TRUE,5,"depmix2",21,0.459459459459459,-0.0378681626928472,12,148,"p,a,c,a,p,p,c,c,c,c,c,c,p,p,a,a,a,a,a,p,c,p,p,p,p,p,p,p,p,p,p,c,p,p,c,a,c","p,p,p,p,p,p,p,p,p,p,p,p,p,p,p,p,p,p,p,p,p,p,p,p,p,p,p,p,p,p,p,p,a,p,p,p,p"
"199",2,TRUE,FALSE,5,"depmix2",49,0.486486486486487,0,12,148,"p,a,c,a,p,p,c,c,c,c,c,c,p,p,a,a,a,a,a,p,c,p,p,p,p,p,p,p,p,p,p,c,p,p,c,a,c","p,p,p,p,p,p,p,p,p,p,p,p,p,p,p,p,p,p,p,p,p,p,p,p,p,p,p,p,p,p,p,p,p,p,p,p,p"
"200",2,FALSE,FALSE,5,"depmix2",49,0.486486486486487,0,12,148,"p,a,c,a,p,p,c,c,c,c,c,c,p,p,a,a,a,a,a,p,c,p,p,p,p,p,p,p,p,p,p,c,p,p,c,a,c","p,p,p,p,p,p,p,p,p,p,p,p,p,p,p,p,p,p,p,p,p,p,p,p,p,p,p,p,p,p,p,p,p,p,p,p,p"
"201",2,TRUE,TRUE,6,"depmix2",21,0.564102564102564,0,10,146,"p,a,a,p,p,p,p,c,p,p,c,c,p,p,p,a,p,a,a,c,p,p,p,p,c,c,p,a,a,p,p,p,p,p,p,a,a,a,a","p,p,p,p,p,p,p,p,p,p,p,p,p,p,p,p,p,p,p,p,p,p,p,p,p,p,p,p,p,p,p,p,p,p,p,p,p,p,p"
"202",2,FALSE,TRUE,6,"depmix2",21,0.538461538461538,-0.0248175182481752,10,146,"p,a,a,p,p,p,p,c,p,p,c,c,p,p,p,a,p,a,a,c,p,p,p,p,c,c,p,a,a,p,p,p,p,p,p,a,a,a,a","p,p,p,p,p,p,p,p,p,p,p,p,p,p,p,p,p,p,p,a,a,p,p,p,p,p,p,p,p,p,p,p,p,p,p,p,p,p,p"
"203",2,TRUE,FALSE,6,"depmix2",49,0.564102564102564,0,10,146,"p,a,a,p,p,p,p,c,p,p,c,c,p,p,p,a,p,a,a,c,p,p,p,p,c,c,p,a,a,p,p,p,p,p,p,a,a,a,a","p,p,p,p,p,p,p,p,p,p,p,p,p,p,p,p,p,p,p,p,p,p,p,p,p,p,p,p,p,p,p,p,p,p,p,p,p,p,p"
"204",2,FALSE,FALSE,6,"depmix2",49,0.564102564102564,0.0675105485232069,10,146,"p,a,a,p,p,p,p,c,p,p,c,c,p,p,p,a,p,a,a,c,p,p,p,p,c,c,p,a,a,p,p,p,p,p,p,a,a,a,a","p,p,p,p,p,p,p,p,p,p,p,p,p,p,p,p,p,p,p,c,c,p,p,p,p,p,p,p,p,p,p,p,p,p,p,p,c,p,p"
"205",2,TRUE,TRUE,7,"depmix2",21,0.431818181818182,0,11,141,"c,a,p,p,c,c,p,a,c,p,p,c,p,a,p,c,a,a,p,a,p,a,c,c,p,p,p,c,p,p,c,a,p,c,c,a,a,c,p,p,a,a,p,p","p,p,p,p,p,p,p,p,p,p,p,p,p,p,p,p,p,p,p,p,p,p,p,p,p,p,p,p,p,p,p,p,p,p,p,p,p,p,p,p,p,p,p,p"
"206",2,FALSE,TRUE,7,"depmix2",21,0.431818181818182,0,11,141,"c,a,p,p,c,c,p,a,c,p,p,c,p,a,p,c,a,a,p,a,p,a,c,c,p,p,p,c,p,p,c,a,p,c,c,a,a,c,p,p,a,a,p,p","p,p,p,p,p,p,p,p,p,p,p,p,p,p,p,p,p,p,p,p,p,p,p,p,p,p,p,p,p,p,p,p,p,p,p,p,p,p,p,p,p,p,p,p"
"207",2,TRUE,FALSE,7,"depmix2",49,0.431818181818182,0,11,141,"c,a,p,p,c,c,p,a,c,p,p,c,p,a,p,c,a,a,p,a,p,a,c,c,p,p,p,c,p,p,c,a,p,c,c,a,a,c,p,p,a,a,p,p","p,p,p,p,p,p,p,p,p,p,p,p,p,p,p,p,p,p,p,p,p,p,p,p,p,p,p,p,p,p,p,p,p,p,p,p,p,p,p,p,p,p,p,p"
"208",2,FALSE,FALSE,7,"depmix2",49,0.386363636363636,-0.0513274336283186,11,141,"c,a,p,p,c,c,p,a,c,p,p,c,p,a,p,c,a,a,p,a,p,a,c,c,p,p,p,c,p,p,c,a,p,c,c,a,a,c,p,p,a,a,p,p","p,p,p,p,p,p,p,p,p,p,p,p,p,p,p,p,p,p,p,p,p,p,p,p,p,p,p,p,p,p,p,p,p,p,p,p,c,c,c,p,p,p,c,c"
"209",2,TRUE,TRUE,8,"depmix2",21,0.564102564102564,0,9,146,"c,a,p,p,p,a,a,a,a,a,p,c,c,p,c,p,p,p,p,p,p,p,p,p,a,p,a,c,p,p,p,p,a,a,a,c,p,p,p","p,p,p,p,p,p,p,p,p,p,p,p,p,p,p,p,p,p,p,p,p,p,p,p,p,p,p,p,p,p,p,p,p,p,p,p,p,p,p"
"210",2,FALSE,TRUE,8,"depmix2",21,0.564102564102564,0.12992125984252,9,146,"c,a,p,p,p,a,a,a,a,a,p,c,c,p,c,p,p,p,p,p,p,p,p,p,a,p,a,c,p,p,p,p,a,a,a,c,p,p,p","p,p,p,p,p,p,p,p,p,p,p,p,p,p,p,p,p,p,p,p,p,p,a,a,a,a,a,a,a,p,p,p,a,a,p,p,p,p,p"
"211",2,TRUE,FALSE,8,"depmix2",49,0.564102564102564,0,9,146,"c,a,p,p,p,a,a,a,a,a,p,c,c,p,c,p,p,p,p,p,p,p,p,p,a,p,a,c,p,p,p,p,a,a,a,c,p,p,p","p,p,p,p,p,p,p,p,p,p,p,p,p,p,p,p,p,p,p,p,p,p,p,p,p,p,p,p,p,p,p,p,p,p,p,p,p,p,p"
"212",2,FALSE,FALSE,8,"depmix2",49,0.564102564102564,0.161820480404551,9,146,"c,a,p,p,p,a,a,a,a,a,p,c,c,p,c,p,p,p,p,p,p,p,p,p,a,p,a,c,p,p,p,p,a,a,a,c,p,p,p","p,p,p,p,p,p,p,p,p,p,p,p,p,p,p,p,p,p,p,p,p,p,p,c,c,c,c,c,p,p,p,p,p,c,c,c,p,p,p"
"213",2,TRUE,TRUE,9,"depmix2",21,0.534883720930233,0,11,142,"c,p,p,c,c,c,p,c,p,p,c,p,p,p,c,c,p,p,c,p,c,c,p,c,p,c,p,p,a,p,a,c,p,p,p,p,a,a,a,c,p,p,p","p,p,p,p,p,p,p,p,p,p,p,p,p,p,p,p,p,p,p,p,p,p,p,p,p,p,p,p,p,p,p,p,p,p,p,p,p,p,p,p,p,p,p"
"214",2,FALSE,TRUE,9,"depmix2",21,0.465116279069767,0.0149402390438248,11,142,"c,p,p,c,c,c,p,c,p,p,c,p,p,p,c,c,p,p,c,p,c,c,p,c,p,c,p,p,a,p,a,c,p,p,p,p,a,a,a,c,p,p,p","p,a,p,p,p,p,p,p,p,p,p,a,p,p,p,p,p,p,p,p,p,p,p,p,p,p,a,a,a,a,a,a,p,p,p,p,p,p,p,p,p,p,p"
"215",2,TRUE,FALSE,9,"depmix2",49,0.534883720930233,0,11,142,"c,p,p,c,c,c,p,c,p,p,c,p,p,p,c,c,p,p,c,p,c,c,p,c,p,c,p,p,a,p,a,c,p,p,p,p,a,a,a,c,p,p,p","p,p,p,p,p,p,p,p,p,p,p,p,p,p,p,p,p,p,p,p,p,p,p,p,p,p,p,p,p,p,p,p,p,p,p,p,p,p,p,p,p,p,p"
"216",2,FALSE,FALSE,9,"depmix2",49,0.534883720930233,0,11,142,"c,p,p,c,c,c,p,c,p,p,c,p,p,p,c,c,p,p,c,p,c,c,p,c,p,c,p,p,a,p,a,c,p,p,p,p,a,a,a,c,p,p,p","p,p,p,p,p,p,p,p,p,p,p,p,p,p,p,p,p,p,p,p,p,p,p,p,p,p,p,p,p,p,p,p,p,p,p,p,p,p,p,p,p,p,p"
"217",2,TRUE,TRUE,10,"depmix2",21,0.55,0,10,145,"p,p,a,p,a,a,p,a,a,p,p,p,p,p,p,p,p,a,c,p,p,c,p,p,c,c,a,a,c,p,p,a,a,p,p,p,c,a,a,p","p,p,p,p,p,p,p,p,p,p,p,p,p,p,p,p,p,p,p,p,p,p,p,p,p,p,p,p,p,p,p,p,p,p,p,p,p,p,p,p"
"218",2,FALSE,TRUE,10,"depmix2",21,0.5,-0.081081081081081,10,145,"p,p,a,p,a,a,p,a,a,p,p,p,p,p,p,p,p,a,c,p,p,c,p,p,c,c,a,a,c,p,p,a,a,p,p,p,c,a,a,p","p,p,p,p,p,p,p,p,p,p,p,p,p,p,p,p,a,p,p,p,p,p,a,p,p,p,p,p,p,p,p,p,p,p,p,p,p,p,p,p"
"219",2,TRUE,FALSE,10,"depmix2",49,0.55,0,10,145,"p,p,a,p,a,a,p,a,a,p,p,p,p,p,p,p,p,a,c,p,p,c,p,p,c,c,a,a,c,p,p,a,a,p,p,p,c,a,a,p","p,p,p,p,p,p,p,p,p,p,p,p,p,p,p,p,p,p,p,p,p,p,p,p,p,p,p,p,p,p,p,p,p,p,p,p,p,p,p,p"
"220",2,FALSE,FALSE,10,"depmix2",49,0.45,0,10,145,"p,p,a,p,a,a,p,a,a,p,p,p,p,p,p,p,p,a,c,p,p,c,p,p,c,c,a,a,c,p,p,a,a,p,p,p,c,a,a,p","p,p,p,p,p,p,p,p,p,p,p,p,p,p,p,p,p,p,p,p,p,p,c,p,p,p,c,c,c,c,c,c,c,c,c,p,p,p,p,p"
"221",2,TRUE,TRUE,11,"depmix2",21,0.594594594594595,0,7,148,"p,c,a,p,p,c,c,p,p,c,c,c,c,p,p,p,p,p,p,p,p,p,a,p,a,c,p,p,p,p,a,a,a,c,p,p,p","p,p,p,p,p,p,p,p,p,p,p,p,p,p,p,p,p,p,p,p,p,p,p,p,p,p,p,p,p,p,p,p,p,p,p,p,p"
"222",2,FALSE,TRUE,11,"depmix2",21,0.432432432432432,-0.0183486238532111,7,148,"p,c,a,p,p,c,c,p,p,c,c,c,c,p,p,p,p,p,p,p,p,p,a,p,a,c,p,p,p,p,a,a,a,c,p,p,p","p,p,p,p,p,p,p,p,p,p,p,p,p,a,a,a,a,a,p,a,a,a,a,a,a,a,p,p,p,p,p,a,p,p,p,p,p"
"223",2,TRUE,FALSE,11,"depmix2",49,0.594594594594595,0,7,148,"p,c,a,p,p,c,c,p,p,c,c,c,c,p,p,p,p,p,p,p,p,p,a,p,a,c,p,p,p,p,a,a,a,c,p,p,p","p,p,p,p,p,p,p,p,p,p,p,p,p,p,p,p,p,p,p,p,p,p,p,p,p,p,p,p,p,p,p,p,p,p,p,p,p"
"224",2,FALSE,FALSE,11,"depmix2",49,0.378378378378378,-0.0924261874197689,7,148,"p,c,a,p,p,c,c,p,p,c,c,c,c,p,p,p,p,p,p,p,p,p,a,p,a,c,p,p,p,p,a,a,a,c,p,p,p","p,p,p,p,p,p,p,p,p,p,p,p,p,a,p,p,p,p,p,p,p,c,c,c,c,c,c,c,c,c,c,c,c,c,c,c,c"
"225",2,TRUE,TRUE,12,"depmix2",21,0.625,0,9,145,"p,c,p,p,p,p,p,p,p,a,a,a,a,c,p,c,a,a,p,p,p,p,p,p,p,p,p,a,c,p,p,c,c,c,p,p,p,c,p,p","p,p,p,p,p,p,p,p,p,p,p,p,p,p,p,p,p,p,p,p,p,p,p,p,p,p,p,p,p,p,p,p,p,p,p,p,p,p,p,p"
"226",2,FALSE,TRUE,12,"depmix2",21,0.35,-0.147902869757174,9,145,"p,c,p,p,p,p,p,p,p,a,a,a,a,c,p,c,a,a,p,p,p,p,p,p,p,p,p,a,c,p,p,c,c,c,p,p,p,c,p,p","p,p,p,p,p,p,p,p,p,p,p,p,p,p,p,p,p,p,p,a,a,p,a,a,a,a,a,a,p,p,p,a,a,a,a,a,a,a,a,a"
"227",2,TRUE,FALSE,12,"depmix2",49,0.625,0,9,145,"p,c,p,p,p,p,p,p,p,a,a,a,a,c,p,c,a,a,p,p,p,p,p,p,p,p,p,a,c,p,p,c,c,c,p,p,p,c,p,p","p,p,p,p,p,p,p,p,p,p,p,p,p,p,p,p,p,p,p,p,p,p,p,p,p,p,p,p,p,p,p,p,p,p,p,p,p,p,p,p"
"228",2,FALSE,FALSE,12,"depmix2",49,0.475,-0.057934508816121,9,145,"p,c,p,p,p,p,p,p,p,a,a,a,a,c,p,c,a,a,p,p,p,p,p,p,p,p,p,a,c,p,p,c,c,c,p,p,p,c,p,p","p,p,p,p,p,p,p,p,p,p,p,p,p,p,p,p,p,p,p,a,a,p,a,a,a,p,p,p,p,p,p,a,c,c,a,c,p,p,c,p"
"229",2,TRUE,TRUE,13,"depmix2",21,0.595238095238095,0,13,143,"c,c,p,p,p,a,a,a,a,c,p,a,c,c,a,c,p,p,p,c,p,p,c,p,p,p,p,p,a,c,p,p,p,p,p,p,p,p,p,c,p,p","p,p,p,p,p,p,p,p,p,p,p,p,p,p,p,p,p,p,p,p,p,p,p,p,p,p,p,p,p,p,p,p,p,p,p,p,p,p,p,p,p,p"
"230",2,FALSE,TRUE,13,"depmix2",21,0.547619047619048,-0.0639999999999998,13,143,"c,c,p,p,p,a,a,a,a,c,p,a,c,c,a,c,p,p,p,c,p,p,c,p,p,p,p,p,a,c,p,p,p,p,p,p,p,p,p,c,p,p","p,p,p,a,a,p,p,p,p,p,p,p,p,p,p,p,p,p,p,p,p,p,p,p,p,p,p,p,p,p,p,p,p,p,p,p,p,p,p,p,p,p"
"231",2,TRUE,FALSE,13,"depmix2",49,0.595238095238095,0,13,143,"c,c,p,p,p,a,a,a,a,c,p,a,c,c,a,c,p,p,p,c,p,p,c,p,p,p,p,p,a,c,p,p,p,p,p,p,p,p,p,c,p,p","p,p,p,p,p,p,p,p,p,p,p,p,p,p,p,p,p,p,p,p,p,p,p,p,p,p,p,p,p,p,p,p,p,p,p,p,p,p,p,p,p,p"
"232",2,FALSE,FALSE,13,"depmix2",49,0.595238095238095,0,13,143,"c,c,p,p,p,a,a,a,a,c,p,a,c,c,a,c,p,p,p,c,p,p,c,p,p,p,p,p,a,c,p,p,p,p,p,p,p,p,p,c,p,p","p,p,p,p,p,p,p,p,p,p,p,p,p,p,p,p,p,p,p,p,p,p,p,p,p,p,p,p,p,p,p,p,p,p,p,p,p,p,p,p,p,p"
"233",2,TRUE,TRUE,14,"depmix2",21,0.564102564102564,0,6,146,"p,p,a,p,a,c,p,p,p,p,a,a,a,c,p,p,p,c,p,p,c,p,p,c,c,c,a,a,p,p,p,p,p,p,p,c,a,a,p","p,p,p,p,p,p,p,p,p,p,p,p,p,p,p,p,p,p,p,p,p,p,p,p,p,p,p,p,p,p,p,p,p,p,p,p,p,p,p"
"234",2,FALSE,TRUE,14,"depmix2",21,0.512820512820513,0.0172413793103448,6,146,"p,p,a,p,a,c,p,p,p,p,a,a,a,c,p,p,p,c,p,p,c,p,p,c,c,c,a,a,p,p,p,p,p,p,p,c,a,a,p","a,a,a,a,a,p,p,p,p,p,p,p,p,p,p,p,p,p,p,p,a,a,p,p,p,p,p,p,p,p,p,p,p,p,p,p,p,p,p"
"235",2,TRUE,FALSE,14,"depmix2",49,0.564102564102564,0,6,146,"p,p,a,p,a,c,p,p,p,p,a,a,a,c,p,p,p,c,p,p,c,p,p,c,c,c,a,a,p,p,p,p,p,p,p,c,a,a,p","p,p,p,p,p,p,p,p,p,p,p,p,p,p,p,p,p,p,p,p,p,p,p,p,p,p,p,p,p,p,p,p,p,p,p,p,p,p,p"
"236",2,FALSE,FALSE,14,"depmix2",49,0.564102564102564,0,6,146,"p,p,a,p,a,c,p,p,p,p,a,a,a,c,p,p,p,c,p,p,c,p,p,c,c,c,a,a,p,p,p,p,p,p,p,c,a,a,p","p,p,p,p,p,p,p,p,p,p,p,p,p,p,p,p,p,p,p,p,p,p,p,p,p,p,p,p,p,p,p,p,p,p,p,p,p,p,p"
"237",2,TRUE,TRUE,15,"depmix2",21,0.487179487179487,0,10,146,"c,c,c,c,c,p,a,p,a,p,p,p,p,p,p,a,p,a,c,c,p,p,c,p,p,a,c,p,p,c,a,a,c,p,p,a,a,p,p","p,p,p,p,p,p,p,p,p,p,p,p,p,p,p,p,p,p,p,p,p,p,p,p,p,p,p,p,p,p,p,p,p,p,p,p,p,p,p"
"238",2,FALSE,TRUE,15,"depmix2",21,0.41025641025641,-0.107407407407407,10,146,"c,c,c,c,c,p,a,p,a,p,p,p,p,p,p,a,p,a,c,c,p,p,c,p,p,a,c,p,p,c,a,a,c,p,p,a,a,p,p","p,p,p,p,p,p,p,p,p,a,a,p,p,p,p,p,p,p,p,p,p,p,p,p,a,p,p,p,p,p,p,p,p,p,p,p,p,p,p"
"239",2,TRUE,FALSE,15,"depmix2",49,0.487179487179487,0,10,146,"c,c,c,c,c,p,a,p,a,p,p,p,p,p,p,a,p,a,c,c,p,p,c,p,p,a,c,p,p,c,a,a,c,p,p,a,a,p,p","p,p,p,p,p,p,p,p,p,p,p,p,p,p,p,p,p,p,p,p,p,p,p,p,p,p,p,p,p,p,p,p,p,p,p,p,p,p,p"
"240",2,FALSE,FALSE,15,"depmix2",49,0.435897435897436,-0.0463414634146342,10,146,"c,c,c,c,c,p,a,p,a,p,p,p,p,p,p,a,p,a,c,c,p,p,c,p,p,a,c,p,p,c,a,a,c,p,p,a,a,p,p","p,p,p,p,p,p,p,p,a,a,a,a,p,p,p,p,p,p,p,p,p,p,p,p,p,p,p,p,p,p,p,p,p,p,p,p,p,p,p"
